cat_id,category,links,title,price,dis_price,description,images,Sales Package,Model Number,Part Number,Model Name,Series,Color,Type,Suitable For,Power Supply,Battery Cell,MS Office Provided,Processor Brand,Processor Name,SSD,SSD Capacity,RAM,RAM Type,Processor Variant,Clock Speed,Graphic Processor,Storage Type,Operating System,USB Port,HDMI Port,Touchscreen,Screen Size,Screen Resolution,Screen Type,Speakers,Internal Mic,Wireless LAN,Bluetooth,Dimensions,Weight,Disk Drive,Web Camera,Keyboard,Backlit Keyboard,Warranty Summary,Warranty Service Type,Covered in Warranty,Not Covered in Warranty,EMMC Storage Capacity,Battery Backup,Number of Cores,Mic In,Sound Properties,Pointer Device,Included Software,Additional Features,Domestic Warranty,Expandable Memory,Processor Generation,Finger Print Sensor,RAM Frequency,Cache,Multi Card Slot,Hardware Interface,Refresh Rate,Dedicated Graphic Memory Type,Dedicated Graphic Memory Capacity,Face Recognition,Memory Slots,Supported Operating System,RJ11,RJ45,Laptop Bag
1,Laptop,https://www.flipkart.com/acer-chromebook-plus-google-ai-intel-core-i3-n305-8-gb-256-gb-ssd-chrome-os-cb514-4h-39t7/p/itm5542cc6900ec1?pid=COMHFC9KE39WGHMA&lid=LSTCOMHFC9KE39WGHMADEYWXV&marketplace=FLIPKART&store=6bo%2Fb5g&srno=b_1_1&otracker=clp_metro_expandable_6_7.metroExpandable.METRO_EXPANDABLE_Apple_laptops-store_EDRA19TG8T05_wp6&otracker1=hp_rich_navigation_PINNED_neo%2Fmerchandising_NA_NAV_EXPANDABLE_navigationCard_cc_13_L1_view-all&fm=organic&iid=en_Xin_MZoaB73Xrz19m1oZQkFmrPUId2GpCPi-0LkuLK4kkcgqrl5EDQj_UONiCltjGj2_Rb51P1a5ZgsOt_uENU4IsYyWu-Pj9cxFjFAoaLk%3D&ppt=None&ppn=None&ssid=6iuk3yrrwg0000001739447108714,"Acer Chromebook Plus Google AI Intel Core i3 N305 - (8 GB/256 GB SSD/Chrome OS) CB514-4H-39T7 Chromebook  (14 Inch, Steel Gray, 1.43 Kg)","₹18,990","₹49,999",,"['https://rukminim2.flixcart.com/image/416/416/xif0q/computer/4/3/o/-original-imah27qsamfccyxz.jpeg?q=70&crop=false', 'https://rukminim2.flixcart.com/image/416/416/xif0q/computer/4/3/o/-original-imah27qsamfccyxz.jpeg?q=70&crop=false', 'https://rukminim2.flixcart.com/image/416/416/xif0q/computer/t/g/z/-original-imah2qgxupwffzy2.jpeg?q=70&crop=false', 'https://rukminim2.flixcart.com/image/416/416/xif0q/computer/x/1/t/-original-imah2qgwjggghhef.jpeg?q=70&crop=false', 'https://rukminim2.flixcart.com/image/416/416/xif0q/computer/s/h/y/-original-imah27qs6yysfung.jpeg?q=70&crop=false', 'https://rukminim2.flixcart.com/image/416/416/xif0q/computer/m/e/0/-original-imah2qgwun6qjqhj.jpeg?q=70&crop=false', 'https://rukminim2.flixcart.com/image/416/416/xif0q/computer/s/v/c/-original-imah32g9cbhhjwuk.jpeg?q=70&crop=false', 'https://rukminim2.flixcart.com/image/416/416/xif0q/computer/v/n/k/-original-imah27qssnmvvytz.jpeg?q=70&crop=false', 'https://rukminim2.flixcart.com/image/416/416/xif0q/computer/6/f/x/-original-imah27qsgkvjdxuf.jpeg?q=70&crop=false', 'https://rukminim2.flixcart.com/image/416/416/xif0q/computer/d/z/5/-original-imah27qsm2fm76dj.jpeg?q=70&crop=false', 'https://rukminim2.flixcart.com/image/416/416/xif0q/computer/e/5/g/-original-imah27qsffezaewb.jpeg?q=70&crop=false', 'https://rukminim2.flixcart.com/image/416/416/xif0q/computer/t/r/g/-original-imah27qshfmnaczv.jpeg?q=70&crop=false', 'https://rukminim2.flixcart.com/image/416/416/xif0q/computer/a/8/7/-original-imah27qsx2czghy3.jpeg?q=70&crop=false', 'https://rukminim2.flixcart.com/image/416/416/xif0q/computer/g/g/l/-original-imahfqwjuw9zg3f4.jpeg?q=70&crop=false']","Laptop, Power Adaptor, User Guide, Warranty Documents",CB514-4H-39T7,NX.KUTSI.002,Chromebook Plus,Chromebook Plus Google AI,Steel Gray,Chromebook,Processing & Multitasking,45 W,3 Cell,No,Intel,Core i3,Yes,256 GB,8 GB,LPDDR5,N305,Max Frequency Up to 3.8 GHz,Intel Integrated UHD,SSD,Chrome,"2 x USB 3.2 Gen 1 Type-A port, 2 x USB 3.2 Gen 1 Type-C port",NA,No,35.56 cm (14 Inch),1920 x 1080 Pixel,Full HD IPS LED-backlit LCD Dislpay,Yes,Yes,Intel Wireless Wi-Fi 6E AX211,v5.2,326.87 x 224.93 x 20.5 mm,1.43 Kg,Not Available,"FHD camera, 1920 x 1080 Resolution, 1080p video at 60 fps with Temporal Noise Reduction, Support ROI feature, Support HDR feature, Dual Mic",Acer FineTip keyboard with international language support,No,1 Year Carry-in Warranty,Carry-in,Manufacturing Defects,Physical damage,,,,,,,,,,,,,,,,,,,,,,,,,
1,Laptop,https://www.flipkart.com/acer-chromebook-intel-celeron-dual-core-n4500-4-gb-64-gb-emmc-storage-chrome-os-c734-c2ed/p/itm5a3f31997518d?pid=COMGW4KZMP9JAYYB&lid=LSTCOMGW4KZMP9JAYYBNVIPQJ&marketplace=FLIPKART&store=6bo%2Fb5g&srno=b_1_2&otracker=clp_metro_expandable_6_7.metroExpandable.METRO_EXPANDABLE_Apple_laptops-store_EDRA19TG8T05_wp6&otracker1=hp_rich_navigation_PINNED_neo%2Fmerchandising_NA_NAV_EXPANDABLE_navigationCard_cc_13_L1_view-all&fm=organic&iid=en_Xin_MZoaB73Xrz19m1oZQkFmrPUId2GpCPi-0LkuLK58yFLFD-sB1OSUUBFRp5JAgXwO3cs0rEdo3bdYsK8feYQEIsITtCzc4bHaOMTqL08%3D&ppt=None&ppn=None&ssid=6iuk3yrrwg0000001739447108714,"Acer Chromebook Intel Celeron Dual Core N4500 - (4 GB/64 GB EMMC Storage/Chrome OS) C734-C2ED Chromebook  (11.6 inch, Pure Black, 1.26 Kg)","₹16,990","₹28,999",,"['https://rukminim2.flixcart.com/image/416/416/xif0q/computer/h/4/z/-original-imagwbgfhgf5g7rf.jpeg?q=70&crop=false', 'https://rukminim2.flixcart.com/image/416/416/xif0q/computer/h/4/z/-original-imagwbgfhgf5g7rf.jpeg?q=70&crop=false', 'https://rukminim2.flixcart.com/image/416/416/xif0q/computer/n/j/i/-original-imagwbgfrfxwwhfr.jpeg?q=70&crop=false', 'https://rukminim2.flixcart.com/image/416/416/xif0q/computer/9/p/m/-original-imagwbgfhqhuczvk.jpeg?q=70&crop=false', 'https://rukminim2.flixcart.com/image/416/416/xif0q/computer/p/k/1/-original-imagwbgfznfmwdkd.jpeg?q=70&crop=false', 'https://rukminim2.flixcart.com/image/416/416/xif0q/computer/a/2/p/-original-imahf3zm4zaf9swg.jpeg?q=70&crop=false', 'https://rukminim2.flixcart.com/image/416/416/xif0q/computer/e/c/d/-original-imahf3zmz8drcuym.jpeg?q=70&crop=false', 'https://rukminim2.flixcart.com/image/416/416/xif0q/computer/n/t/f/-original-imagwbgfq9hjefzw.jpeg?q=70&crop=false', 'https://rukminim2.flixcart.com/image/416/416/xif0q/computer/d/m/i/-original-imagwbgfpxutdph8.jpeg?q=70&crop=false', 'https://rukminim2.flixcart.com/image/416/416/xif0q/computer/5/p/s/-original-imagwbgfmjr7xpyz.jpeg?q=70&crop=false', 'https://rukminim2.flixcart.com/image/416/416/xif0q/computer/w/e/5/-original-imagwbgfjgnnfbea.jpeg?q=70&crop=false', 'https://rukminim2.flixcart.com/image/416/416/xif0q/computer/i/r/r/-original-imagwbgfwfr9qrsj.jpeg?q=70&crop=false']","Laptop, Power Adaptor, User Guide, Warranty Documents",C734-C2ED,NX.AYVSI.006,C734,Chromebook,Pure Black,Chromebook,Processing & Multitasking,,,No,Intel,Celeron Dual Core,No,,4 GB,LPDDR4X,N4500,1.10 GHz with Max Turbo Boost Frequency Up to 2.80 GHz,Intel Integrated UHD,eMMC,Chrome,"2 x USB 3.2 Gen 1 Type-C port, 2 x USB 3.2 Gen 1 Type-A port",,No,29.46 cm (11.6 inch),1280 X 1024 Pixel,HD LED-backlit TFT LCD,Yes,Yes,802.11a/b/g/n/acR2+ax wireless LAN,v5.1,296 x 206 x 21.1 mm,1.26 Kg,Not Available,"UFC with USB 6 mm HD camera, Compatible with Chromebook only, 1280 x 1024 resolution, 720p HD video at 30 fps with Temporal Noise Reduction",74-/75-/78-key Acer FineTip EDU anchored keyboard with international language support,No,1 Year Onsite Warranty,Onsite,Manufacturing Defects,Physical damage,64 GB,,,,,,,,,,,,,,,,,,,,,,,,
1,Laptop,https://www.flipkart.com/apple-macbook-air-m2-8-gb-256-gb-ssd-mac-os-monterey-mly33hn-a/p/itmdc5308fa78421?pid=COMGFB2GMCRXZG85&lid=LSTCOMGFB2GMCRXZG855GPGWQ&marketplace=FLIPKART&store=6bo%2Fb5g&spotlightTagId=FkPickId_6bo%2Fb5g&srno=b_1_3&otracker=clp_metro_expandable_6_7.metroExpandable.METRO_EXPANDABLE_Apple_laptops-store_EDRA19TG8T05_wp6&otracker1=hp_rich_navigation_PINNED_neo%2Fmerchandising_NA_NAV_EXPANDABLE_navigationCard_cc_13_L1_view-all&fm=organic&iid=8fdb28e4-a1b9-437a-8827-e32398d1f634.COMGFB2GMCRXZG85.SEARCH&ppt=None&ppn=None&ssid=6iuk3yrrwg0000001739447108714,"Apple MacBook AIR Apple M2 - (8 GB/256 GB SSD/Mac OS Monterey) MLY33HN/A  (13.6 Inch, Midnight, 1.24 Kg)","₹75,990","₹99,900","Charged in a blazing-fast speed with the next-level M2 chip, this redesigned Apple’s notebook comes with mind blowing and has an excellent battery backup that can last up to 18 hours, which comes with an aluminium enclosure. ","['https://rukminim2.flixcart.com/image/416/416/xif0q/computer/2/v/v/-original-imagfdeqter4sj2j.jpeg?q=70&crop=false', 'https://rukminim2.flixcart.com/image/416/416/xif0q/computer/f/j/d/-original-imagfdequ9yzecg6.jpeg?q=70&crop=false', 'https://rukminim2.flixcart.com/image/416/416/xif0q/computer/a/w/p/-original-imagfdeqqe6kkuxw.jpeg?q=70&crop=false', 'https://rukminim2.flixcart.com/image/416/416/xif0q/computer/j/r/t/-original-imagfdeqhcbt4mfu.jpeg?q=70&crop=false', 'https://rukminim2.flixcart.com/image/416/416/xif0q/computer/q/x/g/-original-imagfdeqzyg92uza.jpeg?q=70&crop=false', 'https://rukminim2.flixcart.com/image/416/416/xif0q/computer/b/d/n/-original-imagfdeqvjtkhuhk.jpeg?q=70&crop=false', 'https://rukminim2.flixcart.com/image/416/416/xif0q/computer/o/v/u/-original-imagfdeqej6rhh94.jpeg?q=70&crop=false', 'https://rukminim2.flixcart.com/image/416/416/xif0q/computer/u/8/n/-original-imagfdeqhmfry6e8.jpeg?q=70&crop=false', 'https://rukminim2.flixcart.com/image/416/416/xif0q/computer/k/n/v/-original-imagfdeqqwqtsfyr.jpeg?q=70&crop=false', 'https://rukminim2.flixcart.com/image/416/416/xif0q/computer/l/g/v/-original-imagfdeqzggkghx6.jpeg?q=70&crop=false', 'https://rukminim2.flixcart.com/image/416/416/xif0q/computer/l/e/b/-original-imagfdeqsgxj6chx.jpeg?q=70&crop=false']","MacBook Air, 30W USB-C Power Adapter, USB-C to MagSafe 3 Cable",MLY33HN/A,MLY33HN/A,MacBook Air,MacBook AIR,Midnight,Thin and Light Laptop,Processing & Multitasking,30 W USB-C Power Adapter,,No,Apple,M2,Yes,256 GB,8 GB,Unified Memory,Apple M2 Chip,,NA,SSD,Mac OS Monterey,"2 x Thunderbolt / USB 4 Ports (USB 4 (up to 40 Gbps), USB 3.1 Gen 2 (up to 10 Gbps)",,No,34.54 cm (13.6 Inch),2560 x 1664 Pixel,"Liquid Retina Display, LED-backlit display with IPS technology, 500 nits brightness, Wide colour (P3), True Tone technology",Built-in Speakers,Three-mic Array with Directional Beamforming,802.11ax Wi-Fi 6 wireless networking,v5.0,304.1 x 215.0 x 11.3,1.24 Kg,Not Available,1080p FaceTime HD camera,Backlit Magic Keyboard,Yes,1 Year Limited Warranty,Onsite,Manufacturing Defects,Physical Damage,,Upto 18 Hours,8,Yes,"Stereo Speakers, Wide Stereo Sound, Support for Dolby Atmos",Force Touch Trackpad,"Built-in Apps: iMovie, Siri, GarageBand, Pages, Numbers, Photos, Keynote, Safari, Mail, FaceTime, Messages, Maps, Stocks, Home, Voice Memos, Notes, Calendar, Contacts, Reminders, Photo Booth, Preview, Books, App Store, Time Machine, TV, Music, Podcasts, Find My, QuickTime Player",52.6 Watt Hour Lithium Polymer Battery,1 Year,,,,,,,,,,,,,,,,
1,Laptop,https://www.flipkart.com/apple-2020-macbook-air-m1-8-gb-256-gb-ssd-mac-os-big-sur-mgn63hn-a/p/itmec35accf62a2f?pid=COMFXEKMGNHZYFH9&lid=LSTCOMFXEKMGNHZYFH9P56X45&marketplace=FLIPKART&store=6bo%2Fb5g&srno=b_1_4&otracker=clp_metro_expandable_6_7.metroExpandable.METRO_EXPANDABLE_Apple_laptops-store_EDRA19TG8T05_wp6&otracker1=hp_rich_navigation_PINNED_neo%2Fmerchandising_NA_NAV_EXPANDABLE_navigationCard_cc_13_L1_view-all&fm=organic&iid=8fdb28e4-a1b9-437a-8827-e32398d1f634.COMFXEKMGNHZYFH9.SEARCH&ppt=None&ppn=None&ssid=6iuk3yrrwg0000001739447108714,"Apple 2020 Macbook Air Apple M1 - (8 GB/256 GB SSD/Mac OS Big Sur) MGN63HN/A  (13.3 inch, Space Grey, 1.29 kg)","₹67,990","₹89,900",This Apple Macbook is powered by the Apple M1 chip and is easily portable so that you can carry it with you anywhere you want. This thin and light notebook is equipped with an 8-core CPU to handle all your tasks more efficiently. The 8-core GPU of this notebook takes graphic-intensive games and apps to a whole new level. It also comes with a 16-core Neural Engine to do machine learning tasks more effectively. Its fan-less design offers silent operations and has a long-lasting battery life which can last up to 18 hours on a single charge.  ,"['https://rukminim2.flixcart.com/image/416/416/kp5sya80/screen-guard/tempered-glass/o/v/n/apple-macbook-air-m1-13-3-inch-lightwings-original-imag3gh5xftgbpg3.jpeg?q=70&crop=false', 'https://rukminim2.flixcart.com/image/416/416/kruyw7k0/computer/j/q/o/na-thin-and-light-laptop-apple-original-imag5jt7uezqkefz.jpeg?q=70&crop=false', 'https://rukminim2.flixcart.com/image/416/416/kruyw7k0/computer/p/s/p/na-thin-and-light-laptop-apple-original-imag5jt7zpmhsrpm.jpeg?q=70&crop=false', 'https://rukminim2.flixcart.com/image/416/416/kruyw7k0/computer/x/f/u/na-thin-and-light-laptop-apple-original-imag5jt7uf8mb3fb.jpeg?q=70&crop=false', 'https://rukminim2.flixcart.com/image/416/416/kruyw7k0/computer/h/l/6/na-thin-and-light-laptop-apple-original-imag5jt7fx4gfun4.jpeg?q=70&crop=false', 'https://rukminim2.flixcart.com/image/416/416/kruyw7k0/computer/7/s/m/na-thin-and-light-laptop-apple-original-imag5jt7khzzmh4w.jpeg?q=70&crop=false']","MacBook Air, 30 W USB-C Power Adapter, USB-C Charge Cable (2m), User Guide, Warranty Documents",MGN63HN/A,MGN63HN/A,,2020 Macbook Air,Space Grey,Thin and Light Laptop,Processing & Multitasking,30 W AC Adapter,,No,Apple,M1,Yes,256 GB,8 GB,DDR4,Apple M1 Chip,,NA,SSD,Mac OS Big Sur,"2 x Thunderbolt / USB 4 Ports (Supports Charging, DisplayPort, Thunderbolt 3 (Upto 40 Gbps), USB 3.1 (2nd Gen, Upto 10 Gbps))",,No,33.78 cm (13.3 inch),2560 x 1600 Pixel,"Quad LED Backlit IPS Display (227 PPI, 400 nits Brightness, Wide Colour (P3), True Tone Technology)",Built-in Speakers,Three-mic Array with Directional Beamforming,IEEE 802.11ax (Wi-Fi 6),v5.0,30.41 cm x 1.61 cm x 21.24 cm,1.29 kg,Not Available,720p FaceTime HD Webcam,Backlit Magic Keyboard,,1 Year Limited WarraÂ­nty,Contact : Ph : 8040455150 / Mail : bangalore_admin@apple.com,Manufacturing Defects,Physical Damage,,Upto 15 Hours,8,Yes,"Stereo Speakers, Wide Stereo Sound, Support for Dolby Atmos Playback",Force Touch Trackpad,"Built-in Apps: iMovie, Siri, GarageBand, Pages, Numbers, Photos, Keynote, Safari, Mail, FaceTime, Messages, Maps, Stocks, Home, Voice Memos, Notes, Calendar, Contacts, Reminders, Photo Booth, Preview, Books, App Store, Time Machine, TV, Music, Podcasts, Find My, QuickTime Player",49.9 WHr Li-polymer Battery,1 Year,Upto 16 GB,,,,,,,,,,,,,,,
1,Laptop,https://www.flipkart.com/apple-2020-macbook-air-m1-8-gb-256-gb-ssd-mac-os-big-sur-mgn93hn-a/p/itmec35accf62a2f?pid=COMFXEKMXWUMGPHW&lid=LSTCOMFXEKMXWUMGPHWKF7Y8O&marketplace=FLIPKART&store=6bo%2Fb5g&srno=b_1_5&otracker=clp_metro_expandable_6_7.metroExpandable.METRO_EXPANDABLE_Apple_laptops-store_EDRA19TG8T05_wp6&otracker1=hp_rich_navigation_PINNED_neo%2Fmerchandising_NA_NAV_EXPANDABLE_navigationCard_cc_13_L1_view-all&fm=organic&iid=8fdb28e4-a1b9-437a-8827-e32398d1f634.COMFXEKMXWUMGPHW.SEARCH&ppt=None&ppn=None&ssid=6iuk3yrrwg0000001739447108714,"Apple 2020 Macbook Air Apple M1 - (8 GB/256 GB SSD/Mac OS Big Sur) MGN93HN/A  (13.3 inch, Silver, 1.29 kg)","₹99,900",,"This Apple’s notebook is super slim and lightweight and can get charged quickly with the Apple M1 chip. Handle your projects at ease with the super fast 8-core CPU. Elevate your high-end games and graphics-intensive apps to the next level with its GPU of up to 8-core. Powered with a 16-core Neural Engine, accelerate your machine learning tasks with this laptop. This laptop is impressive with its fanless design and operates silently. Has a powerful battery capacity that can last up to 18 hours. Empower your day with this MacBook Air that is portable and is easy to carry around. ","['https://rukminim2.flixcart.com/image/416/416/khdqnbk0/computer/f/y/t/apple-original-imafxfyqydgvrkzv.jpeg?q=70&crop=false', 'https://rukminim2.flixcart.com/image/416/416/khdqnbk0/computer/f/y/t/apple-original-imafxfyq6x3yhzxg.jpeg?q=70&crop=false', 'https://rukminim2.flixcart.com/image/416/416/khdqnbk0/computer/f/y/t/apple-original-imafxfyqn8bc2myz.jpeg?q=70&crop=false', 'https://rukminim2.flixcart.com/image/416/416/khdqnbk0/computer/f/y/t/apple-original-imafxfyqttegsmth.jpeg?q=70&crop=false', 'https://rukminim2.flixcart.com/image/416/416/khdqnbk0/computer/f/y/t/apple-original-imafxfyqwa55m2fa.jpeg?q=70&crop=false', 'https://rukminim2.flixcart.com/image/416/416/khdqnbk0/computer/f/y/t/apple-original-imafxfyqumzyaudg.jpeg?q=70&crop=false']","MacBook Air, 30 W USB-C Power Adapter, USB-C Charge Cable (2m), User Guide, Warranty Documents",MGN93HN/A,MGN93HN/A,,2020 Macbook Air,Silver,Thin and Light Laptop,Processing & Multitasking,30 W AC Adapter,,No,Apple,M1,Yes,256 GB,8 GB,DDR4,Apple M1 Chip,,NA,SSD,Mac OS Big Sur,"2 x Thunderbolt / USB 4 Ports (Supports Charging, DisplayPort, Thunderbolt 3 (Upto 40 Gbps), USB 3.1 (2nd Gen, Upto 10 Gbps))",,No,33.78 cm (13.3 inch),2560 x 1600 Pixel,"Quad LED Backlit IPS Display (227 PPI, 400 nits Brightness, Wide Colour (P3), True Tone Technology)",Built-in Speakers,Three-mic Array with Directional Beamforming,IEEE 802.11ax (Wi-Fi 6),v5.0,30.41 cm x 1.61 cm x 21.24 cm,1.29 kg,Not Available,720p FaceTime HD Webcam,Backlit Magic Keyboard,,1 Year Limited Warra­nty,Contact : Ph : (+91)8040455150 / Mail : bangalore_admin@apple.com,Manufacturing Defects,Physical Damage,,Upto 15 Hours,8,Yes,"Stereo Speakers, Wide Stereo Sound, Support for Dolby Atmos Playback",Force Touch Trackpad,"Built-in Apps: iMovie, Siri, GarageBand, Pages, Numbers, Photos, Keynote, Safari, Mail, FaceTime, Messages, Maps, Stocks, Home, Voice Memos, Notes, Calendar, Contacts, Reminders, Photo Booth, Preview, Books, App Store, Time Machine, TV, Music, Podcasts, Find My, QuickTime Player",49.9 WHr Li-polymer Battery,1 Year,Upto 16 GB,,,,,,,,,,,,,,,
1,Laptop,https://www.flipkart.com/hp-intel-core-i5-12th-gen-1235u-16-gb-512-gb-ssd-windows-11-home-15s-fq5330tu-15-fd0111tu-thin-light-laptop/p/itm5b5f94f7b044c?pid=COMGXNZGJV3MEMWM&lid=LSTCOMGXNZGJV3MEMWMMNYA0K&marketplace=FLIPKART&store=6bo%2Fb5g&srno=b_1_6&otracker=clp_metro_expandable_6_7.metroExpandable.METRO_EXPANDABLE_Apple_laptops-store_EDRA19TG8T05_wp6&otracker1=hp_rich_navigation_PINNED_neo%2Fmerchandising_NA_NAV_EXPANDABLE_navigationCard_cc_13_L1_view-all&fm=organic&iid=en_Xin_MZoaB73Xrz19m1oZQkFmrPUId2GpCPi-0LkuLK5Zr3fJ_Cqq5BM7naJD--cg3bK3rp0R7NsFsHPZO20Fs4QEIsITtCzc4bHaOMTqL08%3D&ppt=None&ppn=None&ssid=6iuk3yrrwg0000001739447108714,"HP Intel Core i5 12th Gen 1235U - (16 GB/512 GB SSD/Windows 11 Home) 15s-fq5330TU|15-fd0111TU Thin and Light Laptop  (15.6 inch, Silver, 1.69 Kg, With MS Office)","₹49,990","₹62,526",,"['https://rukminim2.flixcart.com/image/416/416/xif0q/computer/k/i/f/-original-imah4qscfq3ddvc7.jpeg?q=70&crop=false', 'https://rukminim2.flixcart.com/image/416/416/xif0q/computer/y/q/u/15s-fq5330tu-thin-and-light-laptop-hp-original-imah4bj5y4ukbzf4.jpeg?q=70&crop=false', 'https://rukminim2.flixcart.com/image/416/416/xif0q/computer/a/y/2/-original-imah5q7sfeuhrmks.jpeg?q=70&crop=false', 'https://rukminim2.flixcart.com/image/416/416/xif0q/computer/x/c/s/15s-fq5330tu-thin-and-light-laptop-hp-original-imah4bj5wjantnzg.jpeg?q=70&crop=false', 'https://rukminim2.flixcart.com/image/416/416/xif0q/computer/m/p/2/15s-fq5330tu-thin-and-light-laptop-hp-original-imah4bj5ae5vjn2z.jpeg?q=70&crop=false', 'https://rukminim2.flixcart.com/image/416/416/xif0q/computer/r/s/b/15s-fq5330tu-thin-and-light-laptop-hp-original-imah4bj5mjfehyre.jpeg?q=70&crop=false', 'https://rukminim2.flixcart.com/image/416/416/xif0q/computer/s/s/n/15s-fq5330tu-thin-and-light-laptop-hp-original-imah4bj5rm95wh8z.jpeg?q=70&crop=false', 'https://rukminim2.flixcart.com/image/416/416/xif0q/computer/a/q/a/15s-fq5330tu-thin-and-light-laptop-hp-original-imah4bj5ajrhh2qc.jpeg?q=70&crop=false', 'https://rukminim2.flixcart.com/image/416/416/xif0q/computer/r/j/e/15s-fq5330tu-thin-and-light-laptop-hp-original-imah4bj5smh57zxb.jpeg?q=70&crop=false', 'https://rukminim2.flixcart.com/image/416/416/xif0q/computer/f/v/5/15s-fq5330tu-thin-and-light-laptop-hp-original-imah4bj5ngtcrymj.jpeg?q=70&crop=false']","Laptop, Power Adaptor, User Guide, Warranty Documents",15s-fq5330TU|15-fd0111TU,9D3P0PA#ACJ|A47CYPA,15s-fq5330TU,,Silver,Thin and Light Laptop,Processing & Multitasking,,,Yes,Intel,Core i5,Yes,512 GB,16 GB,DDR4,1235U,Max Frequency Up to 4.4 GHz,Intel Integrated Iris Xe,SSD,Windows 11 Home,"1 x USB Type-C 5Gbps signaling rate (supports data transfer only and does not support charging or external monitors), 2 x USB Type-A 5Gbps signaling rate;",1 x HDMI 1.4b,No,39.62 cm (15.6 inch),1920 X 1080 Pixel,"Full HD, micro-edge, anti-glare, 250 nits, 45% NTSC",Yes,Yes,Realtek RTL8822CE 802.11a/b/g/n/ac (2x2) Wi-Fi,v5.0,358.5 x 242 x 17.9 mm,1.69 Kg,Not Available,HP True Vision 720p HD camera with temporal noise reduction and integrated dual array digital microphones,"Full-size, backlit, natural silver keyboard with numeric keypad",,1 Year Onsite warranty,Onsite,Manufacturing Defects,Physical Damage,,,,,,,,,,,12th Gen,No,,,,,,,,,,,,,
1,Laptop,https://www.flipkart.com/apple-macbook-air-m2-16-gb-256-gb-ssd-macos-sequoia-mc7u4hn-a/p/itmc2732c112aeb1?pid=COMH64PYV3EVZZF8&lid=LSTCOMH64PYV3EVZZF83C6EE0&marketplace=FLIPKART&store=6bo%2Fb5g&srno=b_1_7&otracker=clp_metro_expandable_6_7.metroExpandable.METRO_EXPANDABLE_Apple_laptops-store_EDRA19TG8T05_wp6&otracker1=hp_rich_navigation_PINNED_neo%2Fmerchandising_NA_NAV_EXPANDABLE_navigationCard_cc_13_L1_view-all&fm=organic&iid=8fdb28e4-a1b9-437a-8827-e32398d1f634.COMH64PYV3EVZZF8.SEARCH&ppt=None&ppn=None&ssid=6iuk3yrrwg0000001739447108714,"Apple MacBook AIR Apple M2 - (16 GB/256 GB SSD/macOS Sequoia) MC7U4HN/A  (13.6 Inch, Space Grey, 1.24 kg)","₹99,899","₹99,900",,"['https://rukminim2.flixcart.com/image/416/416/xif0q/computer/m/b/n/-original-imagfdf4xnbyyxpa.jpeg?q=70&crop=false', 'https://rukminim2.flixcart.com/image/416/416/xif0q/computer/f/j/d/-original-imagfdequ9yzecg6.jpeg?q=70&crop=false', 'https://rukminim2.flixcart.com/image/416/416/xif0q/computer/t/l/k/-original-imagfdf4gyhvzmkf.jpeg?q=70&crop=false', 'https://rukminim2.flixcart.com/image/416/416/xif0q/computer/r/k/l/-original-imagfdf4dpgx7vhx.jpeg?q=70&crop=false', 'https://rukminim2.flixcart.com/image/416/416/xif0q/computer/r/9/i/-original-imagfdf43zfaab4z.jpeg?q=70&crop=false', 'https://rukminim2.flixcart.com/image/416/416/xif0q/computer/l/b/o/-original-imagfdf4aaczgywf.jpeg?q=70&crop=false', 'https://rukminim2.flixcart.com/image/416/416/xif0q/computer/y/u/l/-original-imagfdf4mybd7tdt.jpeg?q=70&crop=false', 'https://rukminim2.flixcart.com/image/416/416/xif0q/computer/f/g/y/-original-imagfdf4fgzaq8uy.jpeg?q=70&crop=false', 'https://rukminim2.flixcart.com/image/416/416/xif0q/computer/k/n/v/-original-imagfdeqqwqtsfyr.jpeg?q=70&crop=false', 'https://rukminim2.flixcart.com/image/416/416/xif0q/computer/l/g/v/-original-imagfdeqzggkghx6.jpeg?q=70&crop=false', 'https://rukminim2.flixcart.com/image/416/416/xif0q/computer/g/8/p/-original-imagfdf4mgduup6z.jpeg?q=70&crop=false']","13.6 inch MacBook Air USB-C Power Adapter, USB-C to MagSafe 3 Cable (2 m)",MC7U4HN/A,MC7U4HN/A,MacBook Air,MacBook AIR,Space Grey,Thin and Light Laptop,Processing & Multitasking,,,No,Apple,M2,Yes,256 GB,16 GB,Unified Memory,,,NA,SSD,macOS Sequoia,2 x Thunderbolt USB 4,,No,34.54 cm (13.6 Inch),2560 x 1664 Pixel,"Liquid Retina display, LED-backlit display with IPS technology native resolution at 224 pixels per inch, 500 nits brightness",Built-in Speakers,,Wi-Fi 6 (802.11ax),v5.3,304.1 x 215.0 x 11.3 mm,1.24 kg,Not Available,1080p FaceTime HD camera,Backlit Magic Keyboard,Yes,1 Year Limited Warranty,Onsite,Manufacturing Defects,Physical Damage,,Upto 18 Hours,,Yes,Four-speaker sound system,,"Built-in Apps: App Store, Books, Calendar, Contacts, FaceTime, Find My, Freeform, GarageBand, Home, iMovie, Keynote, Mail, Maps, Messages, Music, Notes, Numbers, Pages, Photo Booth, Photos, Podcasts, Preview, QuickTime Player, Reminders, Safari, Shortcuts, Siri, Stocks, Time Machine, TV, Voice Memos, Weather",,1 Year,,,,,,,,,,,,,,,,
1,Laptop,https://www.flipkart.com/apple-macbook-air-m2-16-gb-256-gb-ssd-macos-sequoia-mc7x4hn-a/p/itmdc5308fa78421?pid=COMH64PY76CJKBYU&lid=LSTCOMH64PY76CJKBYUOL7TOK&marketplace=FLIPKART&store=6bo%2Fb5g&spotlightTagId=BestsellerId_6bo%2Fb5g&srno=b_1_8&otracker=clp_metro_expandable_6_7.metroExpandable.METRO_EXPANDABLE_Apple_laptops-store_EDRA19TG8T05_wp6&otracker1=hp_rich_navigation_PINNED_neo%2Fmerchandising_NA_NAV_EXPANDABLE_navigationCard_cc_13_L1_view-all&fm=organic&iid=8fdb28e4-a1b9-437a-8827-e32398d1f634.COMH64PY76CJKBYU.SEARCH&ppt=None&ppn=None&ssid=6iuk3yrrwg0000001739447108714,"Apple MacBook AIR Apple M2 - (16 GB/256 GB SSD/macOS Sequoia) MC7X4HN/A  (13.6 Inch, Midnight, 1.24 kg)","₹92,249","₹99,900",,"['https://rukminim2.flixcart.com/image/416/416/xif0q/computer/2/v/v/-original-imagfdeqter4sj2j.jpeg?q=70&crop=false', 'https://rukminim2.flixcart.com/image/416/416/xif0q/computer/f/j/d/-original-imagfdequ9yzecg6.jpeg?q=70&crop=false', 'https://rukminim2.flixcart.com/image/416/416/xif0q/computer/a/w/p/-original-imagfdeqqe6kkuxw.jpeg?q=70&crop=false', 'https://rukminim2.flixcart.com/image/416/416/xif0q/computer/j/r/t/-original-imagfdeqhcbt4mfu.jpeg?q=70&crop=false', 'https://rukminim2.flixcart.com/image/416/416/xif0q/computer/q/x/g/-original-imagfdeqzyg92uza.jpeg?q=70&crop=false', 'https://rukminim2.flixcart.com/image/416/416/xif0q/computer/b/d/n/-original-imagfdeqvjtkhuhk.jpeg?q=70&crop=false', 'https://rukminim2.flixcart.com/image/416/416/xif0q/computer/o/v/u/-original-imagfdeqej6rhh94.jpeg?q=70&crop=false', 'https://rukminim2.flixcart.com/image/416/416/xif0q/computer/u/8/n/-original-imagfdeqhmfry6e8.jpeg?q=70&crop=false', 'https://rukminim2.flixcart.com/image/416/416/xif0q/computer/k/n/v/-original-imagfdeqqwqtsfyr.jpeg?q=70&crop=false', 'https://rukminim2.flixcart.com/image/416/416/xif0q/computer/l/g/v/-original-imagfdeqzggkghx6.jpeg?q=70&crop=false', 'https://rukminim2.flixcart.com/image/416/416/xif0q/computer/l/e/b/-original-imagfdeqsgxj6chx.jpeg?q=70&crop=false']","13.6 inch MacBook Air USB-C Power Adapter, USB-C to MagSafe 3 Cable (2 m)",MC7X4HN/A,MC7X4HN/A,MacBook Air,MacBook AIR,Midnight,Thin and Light Laptop,Processing & Multitasking,,,No,Apple,M2,Yes,256 GB,16 GB,Unified Memory,,,NA,SSD,macOS Sequoia,2 x Thunderbolt USB 4,,No,34.54 cm (13.6 Inch),2560 x 1664 Pixel,"Liquid Retina display, LED-backlit display with IPS technology native resolution at 224 pixels per inch, 500 nits brightness",Built-in Speakers,,Wi-Fi 6 (802.11ax),v5.3,304.1 x 215.0 x 11.3 mm,1.24 kg,Not Available,1080p FaceTime HD camera,Backlit Magic Keyboard,Yes,1 Year Limited Warranty,Onsite,Manufacturing Defects,Physical Damage,,Upto 18 Hours,,Yes,Four-speaker sound system,,"Built-in Apps: App Store, Books, Calendar, Contacts, FaceTime, Find My, Freeform, GarageBand, Home, iMovie, Keynote, Mail, Maps, Messages, Music, Notes, Numbers, Pages, Photo Booth, Photos, Podcasts, Preview, QuickTime Player, Reminders, Safari, Shortcuts, Siri, Stocks, Time Machine, TV, Voice Memos, Weather",,1 Year,,,,,,,,,,,,,,,,
1,Laptop,https://www.flipkart.com/apple-macbook-air-m2-8-gb-256-gb-ssd-mac-os-monterey-mly13hn-a/p/itmd65f6b189fc7b?pid=COMGFB2GBKDVYBDD&lid=LSTCOMGFB2GBKDVYBDDLKF8WC&marketplace=FLIPKART&store=6bo%2Fb5g&srno=b_1_9&otracker=clp_metro_expandable_6_7.metroExpandable.METRO_EXPANDABLE_Apple_laptops-store_EDRA19TG8T05_wp6&otracker1=hp_rich_navigation_PINNED_neo%2Fmerchandising_NA_NAV_EXPANDABLE_navigationCard_cc_13_L1_view-all&fm=organic&iid=8fdb28e4-a1b9-437a-8827-e32398d1f634.COMGFB2GBKDVYBDD.SEARCH&ppt=None&ppn=None&ssid=6iuk3yrrwg0000001739447108714,"Apple MacBook AIR Apple M2 - (8 GB/256 GB SSD/Mac OS Monterey) MLY13HN/A  (13.6 Inch, Starlight, 1.24 kg)","₹99,899","₹99,900","Charged in a blazing-fast speed with the next-level M2 chip, this redesigned Apple’s notebook comes with mind blowing and has an excellent battery backup that can last up to 18 hours, which comes with an aluminium enclosure. ","['https://rukminim2.flixcart.com/image/416/416/xif0q/computer/v/c/a/-original-imagfdfpnjjpdhq2.jpeg?q=70&crop=false', 'https://rukminim2.flixcart.com/image/416/416/xif0q/computer/f/j/d/-original-imagfdequ9yzecg6.jpeg?q=70&crop=false', 'https://rukminim2.flixcart.com/image/416/416/xif0q/computer/x/h/o/-original-imagfdfppdgspafh.jpeg?q=70&crop=false', 'https://rukminim2.flixcart.com/image/416/416/xif0q/computer/n/f/z/-original-imagfdfpawhjzdme.jpeg?q=70&crop=false', 'https://rukminim2.flixcart.com/image/416/416/xif0q/computer/8/e/x/-original-imagfdfpx4jv5zqa.jpeg?q=70&crop=false', 'https://rukminim2.flixcart.com/image/416/416/xif0q/computer/d/1/v/-original-imagfdfpvswxhfpm.jpeg?q=70&crop=false', 'https://rukminim2.flixcart.com/image/416/416/xif0q/computer/i/v/t/-original-imagfdfp3vebzrge.jpeg?q=70&crop=false', 'https://rukminim2.flixcart.com/image/416/416/xif0q/computer/r/k/g/-original-imagfdfp7cdy7k9x.jpeg?q=70&crop=false', 'https://rukminim2.flixcart.com/image/416/416/xif0q/computer/k/n/v/-original-imagfdeqqwqtsfyr.jpeg?q=70&crop=false', 'https://rukminim2.flixcart.com/image/416/416/xif0q/computer/l/g/v/-original-imagfdeqzggkghx6.jpeg?q=70&crop=false', 'https://rukminim2.flixcart.com/image/416/416/xif0q/computer/w/x/2/-original-imagfdfpdarg6gae.jpeg?q=70&crop=false']","MacBook Air, 30W USB-C Power Adapter, USB-C to MagSafe 3 Cable",MLY13HN/A,MLY13HN/A,MacBook Air,MacBook AIR,Starlight,Thin and Light Laptop,Processing & Multitasking,30 W USB-C Power Adapter,,No,Apple,M2,Yes,256 GB,8 GB,Unified Memory,Apple M2 Chip,,NA,SSD,Mac OS Monterey,"2 x Thunderbolt / USB 4 Ports (USB 4 (up to 40 Gbps), USB 3.1 Gen 2 (up to 10 Gbps)",,No,34.54 cm (13.6 Inch),2560 x 1664 Pixel,"Liquid Retina Display, LED-backlit display with IPS technology, 500 nits brightness, Wide colour (P3), True Tone technology",Built-in Speakers,Three-mic Array with Directional Beamforming,802.11ax Wi-Fi 6 wireless networking,v5.0,304.1 x 215.0 x 11.3 mm,1.24 kg,Not Available,1080p FaceTime HD camera,Backlit Magic Keyboard,Yes,1 Year Limited Warranty,Onsite,Manufacturing Defects,Physical Damage,,Upto 18 Hours,8,Yes,"Stereo Speakers, Wide Stereo Sound, Support for Dolby Atmos",Force Touch Trackpad,"Built-in Apps: iMovie, Siri, GarageBand, Pages, Numbers, Photos, Keynote, Safari, Mail, FaceTime, Messages, Maps, Stocks, Home, Voice Memos, Notes, Calendar, Contacts, Reminders, Photo Booth, Preview, Books, App Store, Time Machine, TV, Music, Podcasts, Find My, QuickTime Player",52.6 Watt Hour Lithium polymer Battery,1 Year,,,,,,,,,,,,,,,,
1,Laptop,https://www.flipkart.com/apple-macbook-air-m3-8-gb-256-gb-ssd-macos-sonoma-mrxt3hn-a/p/itm2ea42dec44bca?pid=COMGYP5GGSNGYSZP&lid=LSTCOMGYP5GGSNGYSZPBWPP4V&marketplace=FLIPKART&store=6bo%2Fb5g&srno=b_1_10&otracker=clp_metro_expandable_6_7.metroExpandable.METRO_EXPANDABLE_Apple_laptops-store_EDRA19TG8T05_wp6&otracker1=hp_rich_navigation_PINNED_neo%2Fmerchandising_NA_NAV_EXPANDABLE_navigationCard_cc_13_L1_view-all&fm=organic&iid=8fdb28e4-a1b9-437a-8827-e32398d1f634.COMGYP5GGSNGYSZP.SEARCH&ppt=None&ppn=None&ssid=6iuk3yrrwg0000001739447108714,"Apple MacBook Air Apple M3 - (8 GB/256 GB SSD/macOS Sonoma) MRXT3HN/A  (13 Inch, Starlight, 1.24 Kg)","₹96,849","₹1,14,900",,"['https://rukminim2.flixcart.com/image/416/416/xif0q/computer/a/q/h/-original-imagypv6prbgkfzg.jpeg?q=70&crop=false', 'https://rukminim2.flixcart.com/image/416/416/xif0q/computer/x/z/r/-original-imagypv6wdbpqysj.jpeg?q=70&crop=false', 'https://rukminim2.flixcart.com/image/416/416/xif0q/computer/2/s/h/-original-imagypv6h4gzqx9p.jpeg?q=70&crop=false', 'https://rukminim2.flixcart.com/image/416/416/xif0q/computer/2/p/o/-original-imagypv6zbjc8ggm.jpeg?q=70&crop=false', 'https://rukminim2.flixcart.com/image/416/416/xif0q/computer/2/k/q/-original-imagypv6b5xfksp3.jpeg?q=70&crop=false', 'https://rukminim2.flixcart.com/image/416/416/xif0q/computer/d/0/t/-original-imagypv6wzxgag4f.jpeg?q=70&crop=false', 'https://rukminim2.flixcart.com/image/416/416/xif0q/computer/5/x/u/-original-imagypv6bu8npz9q.jpeg?q=70&crop=false', 'https://rukminim2.flixcart.com/image/416/416/xif0q/computer/1/n/p/-original-imagypv6mgewjynr.jpeg?q=70&crop=false', 'https://rukminim2.flixcart.com/image/416/416/xif0q/computer/h/a/6/-original-imagypv6hdax2etb.jpeg?q=70&crop=false']","MacBook Air, USB-C Power Adapter, USB-C to MagSafe 3 Cable (2 m)",MRXT3HN/A,MRXT3HN/A,MacBook Air,MacBook Air,Starlight,Thin and Light Laptop,Processing & Multitasking,USB-C Power Adapter,,No,Apple,M3,Yes,256 GB,8 GB,Unified Memory,,,NA,SSD,macOS Sonoma,"2 x Thunderbolt / USB 4 ports with support for Charging, DisplayPort, Thunderbolt 3 (up to 40 Gbps), USB 4 (up to 40 Gbps)",,No,33.02 cm (13 Inch),2560 x 1664 Pixel,"Liquid Retina display, LED-backlit Display with IPS Technology, Native Resolution at 224 pixels per inch, 500 nits Brightness",Built-in Speakers,"Three-mic array with directional beamforming, Voice Isolation and Wide Spectrum microphone modes (M3), Enhanced voice clarity in audio and video calls",Wi-Fi 6 (802.11ax),v5.3,304.1 x 215 x 11.3 mm,1.24 Kg,Not Available,1080p FaceTime HD camera,Backlit Magic Keyboard,Yes,1 Year Onsite Warranty,Onsite,Manufacturing Defects,Physical Damage,,Upto 18 Hours,8,,"Four-speaker sound system, Support for Spatial Audio when playing music or video with Dolby Atmos on built-in speakers, Spatial Audio with dynamic head tracking when using, AirPods (3rd generation), AirPods Pro and AirPods Max, Three-mic array with directional beamforming, Voice Isolation and Wide Spectrum microphone modes (M3), Enhanced voice clarity in audio and video calls (M3), 3.5 mm headphone jack with advanced support for high‑impedance headphones",Force Touch Trackpad,"Built-in Apps: App Store, Books, Calendar, Contacts, FaceTime, Find My, Freeform, GarageBand, Home, iMovie, Keynote, Mail, Maps, Messages, Music, Notes, Numbers, Pages, Photo Booth, Photos, Podcasts, Preview, QuickTime Player, Reminders, Safari, Shortcuts, Siri, Stocks, Time Machine, TV, Voice Memos",52.6-watt‑hour Lithium‑Polymer Battery,1 Year,,,,,,,,,,,,,,,,
1,Laptop,https://www.flipkart.com/asus-rog-ally-amd-ryzen-z1-octa-core-extreme-16-gb-512-gb-ssd-windows-11-home-rc71l-nh001w-handheld-gaming-pc/p/itmb78a936e4a671?pid=COMGQKQ7GGNFR8N4&lid=LSTCOMGQKQ7GGNFR8N4RTUGBT&marketplace=FLIPKART&store=6bo%2Fb5g&srno=b_1_11&otracker=clp_metro_expandable_6_7.metroExpandable.METRO_EXPANDABLE_Apple_laptops-store_EDRA19TG8T05_wp6&otracker1=hp_rich_navigation_PINNED_neo%2Fmerchandising_NA_NAV_EXPANDABLE_navigationCard_cc_13_L1_view-all&fm=organic&iid=en_Xin_MZoaB73Xrz19m1oZQkFmrPUId2GpCPi-0LkuLK50fSM1O2X1iqRwceWHFQ8KSIMtRDCutvYJpwtA3FKoPX3Gaq_wzx4HJysDmGalzMk%3D&ppt=None&ppn=None&ssid=6iuk3yrrwg0000001739447108714,"ASUS ROG Ally AMD Ryzen Z1 Octa Core Extreme - (16 GB/512 GB SSD/Windows 11 Home) RC71L-NH001W Handheld Gaming PC  (7 Inch, Pure White, 1.7 kg)","₹39,990","₹83,990","Get yourself the Asus ROG Ally Handheld Gaming PC, and let its outstanding performance appeal to your inner gamer. The ROG Ally is an incredibly powerful portable gaming system powered by RDNA 3 graphics and outfitted with AMD's innovative, customisable Ryzen Z1 Extreme CPUs, allowing you to game for an extended period of time without experiencing any issues. Furthermore, a Full HD 120 Hz high-refresh-rate display with FreeSync Premium gives you a clear view of the action even in fast-paced games, enabling you to remain in the midst of all the intense actions. Furthermore, you can connect the ROG Ally to a TV and a few different controllers to create an effective couch gaming system, enabling you to play video games with your friends on the weekends.","['https://rukminim2.flixcart.com/image/416/416/xif0q/computer/t/y/u/rc71l-nh001w-handheld-gaming-pc-asus-original-imah3drvrbztyabq.jpeg?q=70&crop=false', 'https://rukminim2.flixcart.com/image/416/416/xif0q/computer/t/y/u/rc71l-nh001w-handheld-gaming-pc-asus-original-imah3drvrbztyabq.jpeg?q=70&crop=false', 'https://rukminim2.flixcart.com/image/416/416/xif0q/computer/e/p/g/rc71l-nh001w-handheld-gaming-pc-asus-original-imah3drvnpyhjzhg.jpeg?q=70&crop=false', 'https://rukminim2.flixcart.com/image/416/416/xif0q/computer/0/0/p/rc71l-nh001w-handheld-gaming-pc-asus-original-imah3drvztd2agvw.jpeg?q=70&crop=false', 'https://rukminim2.flixcart.com/image/416/416/xif0q/computer/b/f/s/rc71l-nh001w-handheld-gaming-pc-asus-original-imah3drvybzgcnhr.jpeg?q=70&crop=false', 'https://rukminim2.flixcart.com/image/416/416/xif0q/computer/2/i/6/rc71l-nh001w-handheld-gaming-pc-asus-original-imah3drvpyqf4vgd.jpeg?q=70&crop=false', 'https://rukminim2.flixcart.com/image/416/416/xif0q/computer/1/k/h/rc71l-nh001w-handheld-gaming-pc-asus-original-imah3drvr4djvzef.jpeg?q=70&crop=false', 'https://rukminim2.flixcart.com/image/416/416/xif0q/computer/b/o/d/rc71l-nh001w-handheld-gaming-pc-asus-original-imah3drvmqxzxggm.jpeg?q=70&crop=false', 'https://rukminim2.flixcart.com/image/416/416/xif0q/computer/u/k/w/rc71l-nh001w-handheld-gaming-pc-asus-original-imah3drvpeckft6h.jpeg?q=70&crop=false', 'https://rukminim2.flixcart.com/image/416/416/xif0q/computer/c/9/o/rc71l-nh001w-handheld-gaming-pc-asus-original-imah3drvsstfnteh.jpeg?q=70&crop=false', 'https://rukminim2.flixcart.com/image/416/416/xif0q/computer/f/r/z/rc71l-nh001w-handheld-gaming-pc-asus-original-imah3drv7h3jugag.jpeg?q=70&crop=false', 'https://rukminim2.flixcart.com/image/416/416/xif0q/computer/k/s/f/rc71l-nh001w-handheld-gaming-pc-asus-original-imah3drvfdg5edjf.jpeg?q=70&crop=false', 'https://rukminim2.flixcart.com/image/416/416/xif0q/computer/p/x/u/rc71l-nh001w-handheld-gaming-pc-asus-original-imah3drvpyygxzxz.jpeg?q=70&crop=false', 'https://rukminim2.flixcart.com/image/416/416/xif0q/computer/o/i/v/rc71l-nh001w-handheld-gaming-pc-asus-original-imah3drv9esznz85.jpeg?q=70&crop=false', 'https://rukminim2.flixcart.com/image/416/416/xif0q/computer/m/o/p/rc71l-nh001w-handheld-gaming-pc-asus-original-imah3drvxfwrtuxy.jpeg?q=70&crop=false', 'https://rukminim2.flixcart.com/image/416/416/xif0q/computer/j/x/w/rc71l-nh001w-handheld-gaming-pc-asus-original-imah3drvhxfww6m4.jpeg?q=70&crop=false', 'https://rukminim2.flixcart.com/image/416/416/xif0q/computer/e/9/b/rc71l-nh001w-handheld-gaming-pc-asus-original-imah3drvhyyzmcdy.jpeg?q=70&crop=false', 'https://rukminim2.flixcart.com/image/416/416/xif0q/computer/4/i/f/rc71l-nh001w-handheld-gaming-pc-asus-original-imah3drvzzxyqtak.jpeg?q=70&crop=false', 'https://rukminim2.flixcart.com/image/416/416/xif0q/computer/r/g/v/rc71l-nh001w-handheld-gaming-pc-asus-original-imah3drvkzpgbqhv.jpeg?q=70&crop=false', 'https://rukminim2.flixcart.com/image/416/416/xif0q/computer/i/p/f/x515ja-bq322ws-thin-and-light-laptop-asus-original-imahfthzytmg8dua.jpeg?q=70&crop=false']","1 x Handheld Console PC, 1 xAdapter, 1 x User Manual",RC71L-NH001W,90NV0GY1-M000C0,RC71L-NH001W,ROG Ally,Pure White,Handheld Gaming PC,"Gaming, Entertainment, Everyday Use, Learning, Performance, Processing & Multitasking, Travel & Business",TYPE-C 65W AC Adapter,4 Cell,No,AMD,Ryzen Z1 Octa Core,Yes,512 GB,16 GB,LPDDR5,Extreme,3.3 GHz with Max Boost Up to 5.10 GHz,AMD Radeon RDNA 3 AMD,SSD,Windows 11 Home,"1 x ROG XG Mobile Interface and USB Type-C combo port (with USB 3.2 Gen2, support DisplayPort 1.4)",,Yes,17.78 cm (7 Inch),1920 x 1080 Pixel,"Full HD, 120Hz Refresh Rate , 7ms Response Time (G2G), Gorilla Glass Victus, Gorilla Glass DXC coating,",2-speaker system with Smart Amplifier Technology,Built-in array microphone,Wi-Fi 6E(802.11ax) (Triple band) 2*2,v5.2,28.0 x 11.1 x 2.12 ~ 3.24 cm,1.7 kg,Not Available,,,,1 Year Onsite Warranty,Onsite,Manufacturing Defects,Physical Damage,,,8,Yes,"AI noise-canceling technology, Dolby Atmos, Hi-Res certification",,3 months Xbox Game Pass Ultimate Subscription Included,"40WHrs, 4-cell Li-ion Battery, Support ROG XG Mobile eGPU (GC31R, GC32L, GC33Y),Built-in XBOX Controller support, Wired/Wireless Keyboard & Mouse Support",,,,Yes,6400 MHz,24 MB,1x UHS-II microSD card reader,NVMe PCIe 4.0 (2230),120 Hz,,,,,,,,
1,Laptop,https://www.flipkart.com/msi-thin-15-intel-core-i5-12th-gen-12450h-16-gb-512-gb-ssd-windows-11-home-4-graphics-nvidia-geforce-rtx-3050-144-hz-b12uc-1692in-gaming-laptop/p/itmc1581367ea4e2?pid=COMGYSFGYMSJ7QPE&lid=LSTCOMGYSFGYMSJ7QPEQ2CEMQ&marketplace=FLIPKART&store=6bo%2Fb5g&srno=b_1_12&otracker=clp_metro_expandable_6_7.metroExpandable.METRO_EXPANDABLE_Apple_laptops-store_EDRA19TG8T05_wp6&otracker1=hp_rich_navigation_PINNED_neo%2Fmerchandising_NA_NAV_EXPANDABLE_navigationCard_cc_13_L1_view-all&fm=organic&iid=en_Xin_MZoaB73Xrz19m1oZQkFmrPUId2GpCPi-0LkuLK46MAuHGgOvVxjURYnGltwrPqDLeUuuK0X7IOsTcWUv1WaRs4JL222ZRV-dN99QnxU%3D&ppt=None&ppn=None&ssid=6iuk3yrrwg0000001739447108714,"MSI Thin 15 Intel Core i5 12th Gen 12450H - (16 GB/512 GB SSD/Windows 11 Home/4 GB Graphics/NVIDIA GeForce RTX 3050/144 Hz) Thin 15 B12UC-1692IN Gaming Laptop  (15.6 Inch, Cosmos Gray, 1.86 Kg)","₹52,990","₹75,990",,"['https://rukminim2.flixcart.com/image/416/416/xif0q/computer/t/r/u/-original-imah3acvkdhmxkzq.jpeg?q=70&crop=false', 'https://rukminim2.flixcart.com/image/416/416/xif0q/computer/t/r/u/-original-imah3acvkdhmxkzq.jpeg?q=70&crop=false', 'https://rukminim2.flixcart.com/image/416/416/xif0q/computer/n/r/t/-original-imah3acvfxffv3fq.jpeg?q=70&crop=false', 'https://rukminim2.flixcart.com/image/416/416/xif0q/computer/3/w/4/-original-imah5q7sscdtxr9j.jpeg?q=70&crop=false', 'https://rukminim2.flixcart.com/image/416/416/xif0q/computer/f/9/p/-original-imah3acvhab3phex.jpeg?q=70&crop=false', 'https://rukminim2.flixcart.com/image/416/416/xif0q/computer/i/9/j/-original-imah8pfbgk5bbac9.jpeg?q=70&crop=false', 'https://rukminim2.flixcart.com/image/416/416/xif0q/computer/p/0/t/-original-imagz92rsmtxw6kb.jpeg?q=70&crop=false', 'https://rukminim2.flixcart.com/image/416/416/xif0q/computer/s/f/a/-original-imagz92rhmzsdcar.jpeg?q=70&crop=false', 'https://rukminim2.flixcart.com/image/416/416/xif0q/computer/f/h/g/-original-imagz92r64zprfz8.jpeg?q=70&crop=false', 'https://rukminim2.flixcart.com/image/416/416/xif0q/computer/k/x/p/-original-imah3acvzmwjcq9v.jpeg?q=70&crop=false', 'https://rukminim2.flixcart.com/image/416/416/xif0q/computer/i/l/5/thin-a15-b7vf-064in-gaming-laptop-msi-original-imagxpcf9jgzbh8g.jpeg?q=70&crop=false', 'https://rukminim2.flixcart.com/image/416/416/xif0q/computer/w/t/i/-original-imah3acvvhd6eksz.jpeg?q=70&crop=false', 'https://rukminim2.flixcart.com/image/416/416/xif0q/computer/7/r/5/-original-imah3acv97ptydgm.jpeg?q=70&crop=false', 'https://rukminim2.flixcart.com/image/416/416/xif0q/computer/f/t/7/thin-a15-b7vf-064in-gaming-laptop-msi-original-imagxpcfyh5npgpk.jpeg?q=70&crop=false']","Laptop,Battery,Power Adapter, User Guide",Thin 15 B12UC-1692IN,9S7-16R831-1692,Thin 15 B12UC-1692IN,Thin 15,Cosmos Gray,Gaming Laptop,Gaming,,,No,Intel,Core i5,Yes,512 GB,16 GB,DDR4,12450H,1.5 GHz upto Max turbo frequency at 4.40 Ghz,NVIDIA GeForce RTX 3050,SSD,Windows 11 Home,"1 x Type-C (USB3.2 Gen1 / DP), 3 x Type-A USB3.2 Gen1",1x HDMI (4K @ 30Hz),No,39.62 cm (15.6 Inch),1920 x 1080 Pixel,"Full HD, 144Hz 45%NTSC IPS-Level",Yes,Yes,802.11 ax Wi-Fi 6E,v5.3,359 x 254 x 21.7 mm,1.86 Kg,Not Available,HD type (30fps@720p),Blue Backlit Gaming Keyboard,,2 Year Onsite Warranty,Onsite,Manufacturing Defects,"Physical Damage, Burn, Liquid Spill",,,,,,,,,,,12th Gen,,,,,,144 Hz,GDDR6,4 GB,No,,,,,
1,Laptop,https://www.flipkart.com/apple-macbook-air-m2-8-gb-256-gb-ssd-mac-os-monterey-mlxw3hn-a/p/itmc2732c112aeb1?pid=COMGFB2GSG8EQXCQ&lid=LSTCOMGFB2GSG8EQXCQJWHH2F&marketplace=FLIPKART&store=6bo%2Fb5g&spotlightTagId=BestsellerId_6bo%2Fb5g&srno=b_1_13&otracker=clp_metro_expandable_6_7.metroExpandable.METRO_EXPANDABLE_Apple_laptops-store_EDRA19TG8T05_wp6&otracker1=hp_rich_navigation_PINNED_neo%2Fmerchandising_NA_NAV_EXPANDABLE_navigationCard_cc_13_L1_view-all&fm=organic&iid=8fdb28e4-a1b9-437a-8827-e32398d1f634.COMGFB2GSG8EQXCQ.SEARCH&ppt=None&ppn=None&ssid=6iuk3yrrwg0000001739447108714,"Apple MacBook AIR Apple M2 - (8 GB/256 GB SSD/Mac OS Monterey) MLXW3HN/A  (13.6 Inch, Space Grey, 1.24 Kg)","₹88,449","₹99,900","You can experience the power of the M2 chip on this redesigned MacBook Air. With a battery back up of up to 18 hours, you can easily get all your work done from anywhere on this easily portable MacBook Air. ","['https://rukminim2.flixcart.com/image/416/416/xif0q/computer/m/b/n/-original-imagfdf4xnbyyxpa.jpeg?q=70&crop=false', 'https://rukminim2.flixcart.com/image/416/416/xif0q/computer/f/j/d/-original-imagfdequ9yzecg6.jpeg?q=70&crop=false', 'https://rukminim2.flixcart.com/image/416/416/xif0q/computer/t/l/k/-original-imagfdf4gyhvzmkf.jpeg?q=70&crop=false', 'https://rukminim2.flixcart.com/image/416/416/xif0q/computer/r/k/l/-original-imagfdf4dpgx7vhx.jpeg?q=70&crop=false', 'https://rukminim2.flixcart.com/image/416/416/xif0q/computer/r/9/i/-original-imagfdf43zfaab4z.jpeg?q=70&crop=false', 'https://rukminim2.flixcart.com/image/416/416/xif0q/computer/l/b/o/-original-imagfdf4aaczgywf.jpeg?q=70&crop=false', 'https://rukminim2.flixcart.com/image/416/416/xif0q/computer/y/u/l/-original-imagfdf4mybd7tdt.jpeg?q=70&crop=false', 'https://rukminim2.flixcart.com/image/416/416/xif0q/computer/f/g/y/-original-imagfdf4fgzaq8uy.jpeg?q=70&crop=false', 'https://rukminim2.flixcart.com/image/416/416/xif0q/computer/k/n/v/-original-imagfdeqqwqtsfyr.jpeg?q=70&crop=false', 'https://rukminim2.flixcart.com/image/416/416/xif0q/computer/l/g/v/-original-imagfdeqzggkghx6.jpeg?q=70&crop=false', 'https://rukminim2.flixcart.com/image/416/416/xif0q/computer/g/8/p/-original-imagfdf4mgduup6z.jpeg?q=70&crop=false']","MacBook Air, 30W USB-C Power Adapter, USB-C to MagSafe 3 Cable",MLXW3HN/A,MLXW3HN/A,MacBook Air,MacBook AIR,Space Grey,Thin and Light Laptop,Processing & Multitasking,30 W USB-C Power Adapter,,No,Apple,M2,Yes,256 GB,8 GB,Unified Memory,Apple M2 Chip,,NA,SSD,Mac OS Monterey,"2 x Thunderbolt / USB 4 Ports (USB 4 (up to 40 Gbps), USB 3.1 Gen 2 (up to 10 Gbps)",,No,34.54 cm (13.6 Inch),2560 x 1664 Pixel,"Liquid Retina Display, LED-backlit display with IPS technology, 500 nits brightness, Wide colour (P3), True Tone technology",Built-in Speakers,Three-mic array with directional beamforming,802.11ax Wi-Fi 6 wireless networking,v5.0,304.1 x 215.0 x 11.3 mm,1.24 Kg,Not Available,1080p FaceTime HD camera,Backlit Magic Keyboard,Yes,1 Year Limited Warra­nty,Onsite,Manufacturing Defects,Physical Damage,,Upto 18 Hours,8,Yes,"Stereo Speakers, Wide Stereo Sound, Support for Dolby Atmos",Force Touch Trackpad,"Built-in Apps: iMovie, Siri, GarageBand, Pages, Numbers, Photos, Keynote, Safari, Mail, FaceTime, Messages, Maps, Stocks, Home, Voice Memos, Notes, Calendar, Contacts, Reminders, Photo Booth, Preview, Books, App Store, Time Machine, TV, Music, Podcasts, Find My, QuickTime Player",52.6 Watt Hour Lithium polymer Battery,1 Year,,,,,,,,,,,,,,,,
1,Laptop,https://www.flipkart.com/apple-macbook-air-m3-8-gb-512-gb-ssd-macos-sonoma-mrxp3hn-a/p/itm45bd67b7758ad?pid=COMGYP5GNHJNKQKF&lid=LSTCOMGYP5GNHJNKQKFWVSO3U&marketplace=FLIPKART&store=6bo%2Fb5g&srno=b_1_14&otracker=clp_metro_expandable_6_7.metroExpandable.METRO_EXPANDABLE_Apple_laptops-store_EDRA19TG8T05_wp6&otracker1=hp_rich_navigation_PINNED_neo%2Fmerchandising_NA_NAV_EXPANDABLE_navigationCard_cc_13_L1_view-all&fm=organic&iid=8fdb28e4-a1b9-437a-8827-e32398d1f634.COMGYP5GNHJNKQKF.SEARCH&ppt=None&ppn=None&ssid=6iuk3yrrwg0000001739447108714,"Apple MacBook Air Apple M3 - (8 GB/512 GB SSD/macOS Sonoma) MRXP3HN/A  (13 Inch, Space Grey, 1.24 Kg)","₹1,13,990","₹1,34,900",,"['https://rukminim2.flixcart.com/image/416/416/xif0q/computer/8/c/u/-original-imagypv6yyg96khh.jpeg?q=70&crop=false', 'https://rukminim2.flixcart.com/image/416/416/xif0q/computer/g/o/5/-original-imagypv62cvz65ju.jpeg?q=70&crop=false', 'https://rukminim2.flixcart.com/image/416/416/xif0q/computer/s/c/a/-original-imagypv67yfwtfzs.jpeg?q=70&crop=false', 'https://rukminim2.flixcart.com/image/416/416/xif0q/computer/f/j/7/-original-imagypv6qf9fzcre.jpeg?q=70&crop=false', 'https://rukminim2.flixcart.com/image/416/416/xif0q/computer/n/u/m/-original-imagypv6jze4sdbr.jpeg?q=70&crop=false', 'https://rukminim2.flixcart.com/image/416/416/xif0q/computer/j/k/i/-original-imagypv6mjrjz65z.jpeg?q=70&crop=false', 'https://rukminim2.flixcart.com/image/416/416/xif0q/computer/5/x/u/-original-imagypv6bu8npz9q.jpeg?q=70&crop=false', 'https://rukminim2.flixcart.com/image/416/416/xif0q/computer/1/n/p/-original-imagypv6mgewjynr.jpeg?q=70&crop=false', 'https://rukminim2.flixcart.com/image/416/416/xif0q/computer/s/o/k/-original-imagypv6v3n9r4tf.jpeg?q=70&crop=false']","MacBook Air, USB-C Power Adapter, USB-C to MagSafe 3 Cable (2 m)",MRXP3HN/A,MRXP3HN/A,MacBook Air,MacBook Air,Space Grey,Thin and Light Laptop,Processing & Multitasking,USB-C Power Adapter,,No,Apple,M3,Yes,512 GB,8 GB,Unified Memory,,,NA,SSD,macOS Sonoma,"2 x Thunderbolt / USB 4 ports with support for Charging, DisplayPort, Thunderbolt 3 (up to 40 Gbps), USB 4 (up to 40 Gbps)",,No,33.02 cm (13 Inch),2560 x 1664 Pixel,"Liquid Retina display, LED-backlit Display with IPS Technology, Native Resolution at 224 pixels per inch, 500 nits Brightness",Built-in Speakers,"Three-mic array with directional beamforming, Voice Isolation and Wide Spectrum microphone modes (M3), Enhanced voice clarity in audio and video calls",Wi-Fi 6 (802.11ax),v5.3,304.1 x 215 x 11.3 mm,1.24 Kg,Not Available,1080p FaceTime HD camera,Backlit Magic Keyboard,Yes,1 Year Onsite Warranty,Onsite,Manufacturing Defects,Physical Damage,,Upto 18 Hours,8,,"Four-speaker sound system, Support for Spatial Audio when playing music or video with Dolby Atmos on built-in speakers, Spatial Audio with dynamic head tracking when using, AirPods (3rd generation), AirPods Pro and AirPods Max, Three-mic array with directional beamforming, Voice Isolation and Wide Spectrum microphone modes (M3), Enhanced voice clarity in audio and video calls (M3), 3.5 mm headphone jack with advanced support for high‑impedance headphones",Force Touch Trackpad,"Built-in Apps: App Store, Books, Calendar, Contacts, FaceTime, Find My, Freeform, GarageBand, Home, iMovie, Keynote, Mail, Maps, Messages, Music, Notes, Numbers, Pages, Photo Booth, Photos, Podcasts, Preview, QuickTime Player, Reminders, Safari, Shortcuts, Siri, Stocks, Time Machine, TV, Voice Memos",52.6-watt‑hour Lithium‑Polymer Battery,1 Year,,,,,,,,,,,,,,,,
1,Laptop,https://www.flipkart.com/apple-macbook-air-m2-8-gb-256-gb-ssd-mac-os-monterey-mlxy3hn-a/p/itm6533ea968a81e?pid=COMGFB2GWHPVFMJW&lid=LSTCOMGFB2GWHPVFMJWKVXDUX&marketplace=FLIPKART&store=6bo%2Fb5g&srno=b_1_15&otracker=clp_metro_expandable_6_7.metroExpandable.METRO_EXPANDABLE_Apple_laptops-store_EDRA19TG8T05_wp6&otracker1=hp_rich_navigation_PINNED_neo%2Fmerchandising_NA_NAV_EXPANDABLE_navigationCard_cc_13_L1_view-all&fm=organic&iid=8fdb28e4-a1b9-437a-8827-e32398d1f634.COMGFB2GWHPVFMJW.SEARCH&ppt=None&ppn=None&ssid=6iuk3yrrwg0000001739447108714,"Apple MacBook AIR Apple M2 - (8 GB/256 GB SSD/Mac OS Monterey) MLXY3HN/A  (13.6 Inch, Silver, 1.24 Kg)","₹96,199","₹99,900","You can experience the power of the M2 chip on this redesigned MacBook Air. With a battery back up of up to 18 hours, you can easily get all your work done from anywhere on this easily portable MacBook Air. ","['https://rukminim2.flixcart.com/image/416/416/xif0q/computer/1/n/p/-original-imagfdfew8gszzhk.jpeg?q=70&crop=false', 'https://rukminim2.flixcart.com/image/416/416/xif0q/computer/f/j/d/-original-imagfdequ9yzecg6.jpeg?q=70&crop=false', 'https://rukminim2.flixcart.com/image/416/416/xif0q/computer/n/n/t/-original-imagfdfeddgvf5wb.jpeg?q=70&crop=false', 'https://rukminim2.flixcart.com/image/416/416/xif0q/computer/v/0/z/-original-imagfdfeuyepb6ht.jpeg?q=70&crop=false', 'https://rukminim2.flixcart.com/image/416/416/xif0q/computer/z/8/u/-original-imagfdfeb8sahaeh.jpeg?q=70&crop=false', 'https://rukminim2.flixcart.com/image/416/416/xif0q/computer/1/u/m/-original-imagfdfemre2dy6z.jpeg?q=70&crop=false', 'https://rukminim2.flixcart.com/image/416/416/xif0q/computer/h/a/u/-original-imagfdfeu8kxgasc.jpeg?q=70&crop=false', 'https://rukminim2.flixcart.com/image/416/416/xif0q/computer/7/2/h/-original-imagfdfe7sgqdrzk.jpeg?q=70&crop=false', 'https://rukminim2.flixcart.com/image/416/416/xif0q/computer/k/n/v/-original-imagfdeqqwqtsfyr.jpeg?q=70&crop=false', 'https://rukminim2.flixcart.com/image/416/416/xif0q/computer/l/g/v/-original-imagfdeqzggkghx6.jpeg?q=70&crop=false', 'https://rukminim2.flixcart.com/image/416/416/xif0q/computer/u/3/w/-original-imagfdfez9k9qumk.jpeg?q=70&crop=false']","MacBook Air, 30W USB-C Power Adapter, USB-C to MagSafe 3 Cable",MLXY3HN/A,MLXY3HN/A,MacBook Air,MacBook AIR,Silver,Thin and Light Laptop,Processing & Multitasking,30 W USB-C Power Adapter,,No,Apple,M2,Yes,256 GB,8 GB,Unified Memory,Apple M2 Chip,,NA,SSD,Mac OS Monterey,"2 x Thunderbolt / USB 4 Ports (USB 4 (up to 40 Gbps), USB 3.1 Gen 2 (up to 10 Gbps)",,No,34.54 cm (13.6 Inch),2560 x 1664 Pixel,"Liquid Retina Display, LED-backlit display with IPS technology, 500 nits brightness, Wide colour (P3), True Tone technology",Built-in Speakers,Three-mic array with directional beamforming,802.11ax Wi-Fi 6 wireless networking,v5.0,304.1 x 215.0 x 11.3 mm,1.24 Kg,Not Available,1080p FaceTime HD camera,Backlit Magic Keyboard,Yes,1 Year Limited Warra­nty,Onsite,Manufacturing Defects,Physical Damage,,Up to 18 hours,8,Yes,"Stereo Speakers, Wide Stereo Sound, Support for Dolby Atmos",Force Touch Trackpad,"Built-in Apps: iMovie, Siri, GarageBand, Pages, Numbers, Photos, Keynote, Safari, Mail, FaceTime, Messages, Maps, Stocks, Home, Voice Memos, Notes, Calendar, Contacts, Reminders, Photo Booth, Preview, Books, App Store, Time Machine, TV, Music, Podcasts, Find My, QuickTime Player",52.6 Watt Hour Lithium polymer Battery,1 Year,,,,,,,,,,,,,,,,
1,Laptop,https://www.flipkart.com/apple-macbook-air-m2-16-gb-256-gb-ssd-macos-sequoia-mc7v4hn-a/p/itm6533ea968a81e?pid=COMH64PYUPETD5WB&lid=LSTCOMH64PYUPETD5WB801R5F&marketplace=FLIPKART&store=6bo%2Fb5g&srno=b_1_16&otracker=clp_metro_expandable_6_7.metroExpandable.METRO_EXPANDABLE_Apple_laptops-store_EDRA19TG8T05_wp6&otracker1=hp_rich_navigation_PINNED_neo%2Fmerchandising_NA_NAV_EXPANDABLE_navigationCard_cc_13_L1_view-all&fm=organic&iid=8fdb28e4-a1b9-437a-8827-e32398d1f634.COMH64PYUPETD5WB.SEARCH&ppt=None&ppn=None&ssid=6iuk3yrrwg0000001739447108714,"Apple MacBook AIR Apple M2 - (16 GB/256 GB SSD/macOS Sequoia) MC7V4HN/A  (13.6 Inch, Silver, 1.24 kg)","₹94,049","₹99,900",,"['https://rukminim2.flixcart.com/image/416/416/xif0q/computer/1/n/p/-original-imagfdfew8gszzhk.jpeg?q=70&crop=false', 'https://rukminim2.flixcart.com/image/416/416/xif0q/computer/f/j/d/-original-imagfdequ9yzecg6.jpeg?q=70&crop=false', 'https://rukminim2.flixcart.com/image/416/416/xif0q/computer/n/n/t/-original-imagfdfeddgvf5wb.jpeg?q=70&crop=false', 'https://rukminim2.flixcart.com/image/416/416/xif0q/computer/v/0/z/-original-imagfdfeuyepb6ht.jpeg?q=70&crop=false', 'https://rukminim2.flixcart.com/image/416/416/xif0q/computer/z/8/u/-original-imagfdfeb8sahaeh.jpeg?q=70&crop=false', 'https://rukminim2.flixcart.com/image/416/416/xif0q/computer/1/u/m/-original-imagfdfemre2dy6z.jpeg?q=70&crop=false', 'https://rukminim2.flixcart.com/image/416/416/xif0q/computer/h/a/u/-original-imagfdfeu8kxgasc.jpeg?q=70&crop=false', 'https://rukminim2.flixcart.com/image/416/416/xif0q/computer/7/2/h/-original-imagfdfe7sgqdrzk.jpeg?q=70&crop=false', 'https://rukminim2.flixcart.com/image/416/416/xif0q/computer/k/n/v/-original-imagfdeqqwqtsfyr.jpeg?q=70&crop=false', 'https://rukminim2.flixcart.com/image/416/416/xif0q/computer/l/g/v/-original-imagfdeqzggkghx6.jpeg?q=70&crop=false', 'https://rukminim2.flixcart.com/image/416/416/xif0q/computer/u/3/w/-original-imagfdfez9k9qumk.jpeg?q=70&crop=false']","13.6 inch MacBook Air USB-C Power Adapter, USB-C to MagSafe 3 Cable (2 m)",MC7V4HN/A,MC7V4HN/A,MacBook Air,MacBook AIR,Silver,Thin and Light Laptop,Processing & Multitasking,,,No,Apple,M2,Yes,256 GB,16 GB,Unified Memory,,,NA,SSD,macOS Sequoia,2 x Thunderbolt USB 4,,No,34.54 cm (13.6 Inch),2560 x 1664 Pixel,"Liquid Retina display, LED-backlit display with IPS technology native resolution at 224 pixels per inch, 500 nits brightness",Built-in Speakers,,Wi-Fi 6 (802.11ax),v5.3,304.1 x 215.0 x 11.3 mm,1.24 kg,Not Available,1080p FaceTime HD camera,Backlit Magic Keyboard,Yes,1 Year Limited Warranty,Onsite,Manufacturing Defects,Physical Damage,,Upto 18 Hours,,Yes,Four-speaker sound system,,"Built-in Apps: App Store, Books, Calendar, Contacts, FaceTime, Find My, Freeform, GarageBand, Home, iMovie, Keynote, Mail, Maps, Messages, Music, Notes, Numbers, Pages, Photo Booth, Photos, Podcasts, Preview, QuickTime Player, Reminders, Safari, Shortcuts, Siri, Stocks, Time Machine, TV, Voice Memos, Weather",,1 Year,,,,,,,,,,,,,,,,
1,Laptop,https://www.flipkart.com/dell-g15-5530-intel-core-i5-13th-gen-13450hx-16-gb-512-gb-ssd-windows-11-home-6-graphics-nvidia-geforce-rtx-3050-gaming-laptop/p/itmd1b02da743465?pid=COMH8EPFG25GDHDC&lid=LSTCOMH8EPFG25GDHDCJE052J&marketplace=FLIPKART&store=6bo%2Fb5g&srno=b_1_17&otracker=clp_metro_expandable_6_7.metroExpandable.METRO_EXPANDABLE_Apple_laptops-store_EDRA19TG8T05_wp6&otracker1=hp_rich_navigation_PINNED_neo%2Fmerchandising_NA_NAV_EXPANDABLE_navigationCard_cc_13_L1_view-all&fm=organic&iid=en_Xin_MZoaB73Xrz19m1oZQkFmrPUId2GpCPi-0LkuLK7nNfSlRfQuCEuy4c6sWRbKHDwdKkBXytue-kqaJOre6K8iqbiwhGf4dwbXVx7ZSks%3D&ppt=None&ppn=None&ssid=6iuk3yrrwg0000001739447108714,"DELL G15-5530 Intel Core i5 13th Gen 13450HX - (16 GB/512 GB SSD/Windows 11 Home/6 GB Graphics/NVIDIA GeForce RTX 3050) G15-5530 Gaming Laptop  (15.6 Inch, Dark Shadow Gray With Black Thermal Shelf, 2.65 Kg, With MS Office)","₹78,990","₹93,021","Designed for your marathon gaming sessions, the DELL G15-5530 39.62 cm (15.6) Laptop can be an ideal choice when it comes to everyday gaming. Its dual-tone design helps it stand apart, adding a touch of sophistication to your setup. And, with up to four heat pipes and two fans, it can deliver increased airflow. Also, the dedicated Game Shift key can turn this laptop into an improved gaming device. Moreover, the vapour chamber and Element 31 thermal interface material can help keep the processors cool while delivering an immersive gaming experience.","['https://rukminim2.flixcart.com/image/416/416/xif0q/computer/n/r/b/-original-imah9c8yzbzzu4c7.jpeg?q=70&crop=false', 'https://rukminim2.flixcart.com/image/416/416/xif0q/computer/q/o/c/-original-imah99uqrrqmf8rf.jpeg?q=70&crop=false', 'https://rukminim2.flixcart.com/image/416/416/xif0q/computer/j/i/e/-original-imah8xqg5uevhkyz.jpeg?q=70&crop=false', 'https://rukminim2.flixcart.com/image/416/416/xif0q/computer/a/n/7/g15-5530-gaming-laptop-dell-original-imah8hhzf69bfhv8.jpeg?q=70&crop=false', 'https://rukminim2.flixcart.com/image/416/416/xif0q/computer/l/6/n/g15-5530-gaming-laptop-dell-original-imah8hhsdxcpevmc.jpeg?q=70&crop=false', 'https://rukminim2.flixcart.com/image/416/416/xif0q/computer/r/g/9/g15-5530-gaming-laptop-dell-original-imah8hhzdfqumtdy.jpeg?q=70&crop=false', 'https://rukminim2.flixcart.com/image/416/416/xif0q/computer/c/v/d/g15-5530-gaming-laptop-dell-original-imah8hhzbxku4gmb.jpeg?q=70&crop=false', 'https://rukminim2.flixcart.com/image/416/416/xif0q/computer/e/t/f/g15-5530-gaming-laptop-dell-original-imah8hhzjqbhsjnj.jpeg?q=70&crop=false', 'https://rukminim2.flixcart.com/image/416/416/xif0q/computer/s/m/d/g15-5530-gaming-laptop-dell-original-imah8hhzrcevgbjh.jpeg?q=70&crop=false', 'https://rukminim2.flixcart.com/image/416/416/xif0q/computer/u/e/9/-original-imah8xqgehcx3why.jpeg?q=70&crop=false']","Laptop, Power Adaptor, User Guide, Warranty Documents",G15-5530,OGN55301124G01RIN,G15-5530,G15-5530,Dark Shadow Gray With Black Thermal Shelf,Gaming Laptop,Gaming,,"3 Cell, 56 Wh, integrated",Yes,Intel,Core i5,Yes,512 GB,16 GB,DDR5,13450HX,up to 4.60 GHz,NVIDIA GeForce RTX 3050,SSD,Windows 11 Home,"1 x HDMI 2.1, (3) SuperSpeed USB 3.2 Gen 1 Type-A, 1 x USB-C 3.2 Gen 2 with Display Port Alt-Mode",1 x HDMI 2.1,No,39.62 cm (15.6 Inch),1920 x 1080 Pixel,Full HD,,,,Yes,357 X 274 X 269 mm,2.65 Kg,Not Available,,US English 4-Zone RGB Backlit Keyboard with Numeric Keypad and G-Key,Yes,1 Year Basic Onsite Service after remote diagnosis with Hardware-Only Support,Onsite,Manufacturing Defects Only,Physical Damage,,up tp 4 Hours,10,,,,,,1 Year,32GB,13th Gen,,,20MB,,,,GDDR6,6 GB,,2,Win 11 + Office H&S 2021,No,Yes,No
1,Laptop,https://www.flipkart.com/lenovo-ideapad-slim-3-intel-core-i5-13th-gen-13420h-16-gb-512-gb-ssd-windows-11-home-15irh8-thin-light-laptop/p/itm76f0e5d975817?pid=COMGVQ2YB9SU8KMF&lid=LSTCOMGVQ2YB9SU8KMF2MGQ5W&marketplace=FLIPKART&store=6bo%2Fb5g&srno=b_1_18&otracker=clp_metro_expandable_6_7.metroExpandable.METRO_EXPANDABLE_Apple_laptops-store_EDRA19TG8T05_wp6&otracker1=hp_rich_navigation_PINNED_neo%2Fmerchandising_NA_NAV_EXPANDABLE_navigationCard_cc_13_L1_view-all&fm=organic&iid=en_Xin_MZoaB73Xrz19m1oZQkFmrPUId2GpCPi-0LkuLK7_9baZxgAodbMpPOfSPa3kiyxzt0Aj7I18wZ4irFkw8fKSJvID5C-RdFfAlzwDiqI%3D&ppt=None&ppn=None&ssid=6iuk3yrrwg0000001739447108714,"Lenovo IdeaPad Slim 3 Intel Core i5 13th Gen 13420H - (16 GB/512 GB SSD/Windows 11 Home) 15IRH8 Thin and Light Laptop  (15.6 Inch, Arctic Grey, 1.62 Kg, With MS Office)","₹57,249","₹81,890",,"['https://rukminim2.flixcart.com/image/416/416/xif0q/computer/f/f/4/-original-imah5uhr8dsgpd74.jpeg?q=70&crop=false', 'https://rukminim2.flixcart.com/image/416/416/xif0q/computer/h/r/n/15irh8-thin-and-light-laptop-lenovo-original-imah4bj8hzeg65uh.jpeg?q=70&crop=false', 'https://rukminim2.flixcart.com/image/416/416/xif0q/computer/b/5/b/-original-imah5q7sahfhmach.jpeg?q=70&crop=false', 'https://rukminim2.flixcart.com/image/416/416/xif0q/computer/5/3/r/15irh8-thin-and-light-laptop-lenovo-original-imah4bj8gjyrzj6c.jpeg?q=70&crop=false', 'https://rukminim2.flixcart.com/image/416/416/xif0q/computer/s/b/4/15irh8-thin-and-light-laptop-lenovo-original-imah4bj86rnhcejj.jpeg?q=70&crop=false', 'https://rukminim2.flixcart.com/image/416/416/xif0q/computer/z/r/8/15irh8-gaming-laptop-lenovo-original-imah4ftvgexmzucn.jpeg?q=70&crop=false', 'https://rukminim2.flixcart.com/image/416/416/xif0q/computer/f/q/m/15irh8-thin-and-light-laptop-lenovo-original-imah4bj8zgnyqksx.jpeg?q=70&crop=false', 'https://rukminim2.flixcart.com/image/416/416/xif0q/computer/6/j/v/15irh8-thin-and-light-laptop-lenovo-original-imah4bj8z4q8fcup.jpeg?q=70&crop=false', 'https://rukminim2.flixcart.com/image/416/416/xif0q/computer/g/n/u/15irh8-thin-and-light-laptop-lenovo-original-imah4bj8rffccpqp.jpeg?q=70&crop=false', 'https://rukminim2.flixcart.com/image/416/416/xif0q/computer/0/g/p/15irh8-thin-and-light-laptop-lenovo-original-imah4bj8ad7buguf.jpeg?q=70&crop=false']","Laptop, Power Adaptor, User Guide, Warranty Documents",15IRH8,83EM0026IN,15IRH8,IdeaPad Slim 3,Arctic Grey,Thin and Light Laptop,Processing & Multitasking,,,Yes,Intel,Core i5,Yes,512 GB,16 GB,LPDDR5,13420H,Max Turbo Frequency upto 4.6GHz,Intel Integrated UHD,SSD,Windows 11 Home,"1 x USB-C 3.2 Gen 1 (support data transfer, Power Delivery and DisplayPort 1.2), 2 x USB 3.2 Gen 1",1 x HDMI 1.4,No,39.62 cm (15.6 Inch),1920 X 1080 Pixel,"Full HD, IPS 300nits Anti-glare",Yes,Yes,"Wi-Fi 6, 11ax 2x2",v5.1,359.3 x 235 x 17.9 mm,1.62 Kg,Not Available,Full HD 1080p with Privacy Shutter,"Backlit, English",,1 Yr. Onsite + 1 Yr. Accidental Damage Protection,Carry-In,Manufacturing Defects,Physical Damage,,,,,,,,,,,13th Gen,No,,,,,,,,,,,,,
1,Laptop,https://www.flipkart.com/apple-m3-16-gb-256-gb-ssd-macos-sequoia-mc8g4hn-a/p/itm45bd67b7758ad?pid=COMH64PYUGCW7EBY&lid=LSTCOMH64PYUGCW7EBYMB2SAQ&marketplace=FLIPKART&store=6bo%2Fb5g&srno=b_1_19&otracker=clp_metro_expandable_6_7.metroExpandable.METRO_EXPANDABLE_Apple_laptops-store_EDRA19TG8T05_wp6&otracker1=hp_rich_navigation_PINNED_neo%2Fmerchandising_NA_NAV_EXPANDABLE_navigationCard_cc_13_L1_view-all&fm=organic&iid=8fdb28e4-a1b9-437a-8827-e32398d1f634.COMH64PYUGCW7EBY.SEARCH&ppt=None&ppn=None&ssid=6iuk3yrrwg0000001739447108714,"Apple Apple M3 - (16 GB/256 GB SSD/macOS Sequoia) MC8G4HN/A  (13.6 Inch, Space Gray, 1.24 kg)","₹1,06,990","₹1,14,900",,"['https://rukminim2.flixcart.com/image/416/416/xif0q/computer/8/c/u/-original-imagypv6yyg96khh.jpeg?q=70&crop=false', 'https://rukminim2.flixcart.com/image/416/416/xif0q/computer/j/k/i/-original-imagypv6mjrjz65z.jpeg?q=70&crop=false', 'https://rukminim2.flixcart.com/image/416/416/xif0q/computer/g/o/5/-original-imagypv62cvz65ju.jpeg?q=70&crop=false', 'https://rukminim2.flixcart.com/image/416/416/xif0q/computer/1/n/p/-original-imagypv6mgewjynr.jpeg?q=70&crop=false', 'https://rukminim2.flixcart.com/image/416/416/xif0q/computer/n/u/m/-original-imagypv6jze4sdbr.jpeg?q=70&crop=false', 'https://rukminim2.flixcart.com/image/416/416/xif0q/computer/s/c/a/-original-imagypv67yfwtfzs.jpeg?q=70&crop=false', 'https://rukminim2.flixcart.com/image/416/416/xif0q/computer/f/j/7/-original-imagypv6qf9fzcre.jpeg?q=70&crop=false', 'https://rukminim2.flixcart.com/image/416/416/xif0q/computer/5/x/u/-original-imagypv6bu8npz9q.jpeg?q=70&crop=false', 'https://rukminim2.flixcart.com/image/416/416/xif0q/computer/s/o/k/-original-imagypv6v3n9r4tf.jpeg?q=70&crop=false']","13.6 inch MacBook Air USB-C Power Adapter, USB-C to MagSafe 3 Cable (2 m)",MC8G4HN/A,MC8G4HN/A,MacBook Air,,Space Gray,Thin and Light Laptop,Processing & Multitasking,,,No,Apple,M3,Yes,256 GB,16 GB,Unified Memory,,,NA,SSD,macOS Sequoia,2 x Thunderbolt USB 4,,No,34.54 cm (13.6 Inch),2560 x 1664 Pixel,"Liquid Retina display, LED-backlit display with IPS technology native resolution at 224 pixels per inch, 500 nits brightness",Built-in Speakers,,Wi-Fi 6E (802.11ax),v5.3,304.1 x 215.0 x 11.3 mm,1.24 kg,Not Available,1080p FaceTime HD camera,Backlit Magic Keyboard,Yes,1 Year Limited Warranty,Onsite,Manufacturing Defects,Physical Damage,,Upto 18 Hours,,Yes,Four-speaker sound system,,"Built-in Apps: App Store, Books, Calendar, Contacts, FaceTime, Find My, Freeform, GarageBand, Home, iMovie, Keynote, Mail, Maps, Messages, Music, Notes, Numbers, Pages, Photo Booth, Photos, Podcasts, Preview, QuickTime Player, Reminders, Safari, Shortcuts, Siri, Stocks, Time Machine, TV, Voice Memos, Weather",,1 Year,,,,,,,,,,,,,,,,
1,Laptop,https://www.flipkart.com/apple-m3-16-gb-256-gb-ssd-macos-sequoia-mc9g4hn-a/p/itmb1aa0cc739560?pid=COMH64PYA2ATXD8K&lid=LSTCOMH64PYA2ATXD8KKW2VWK&marketplace=FLIPKART&store=6bo%2Fb5g&srno=b_1_20&otracker=clp_metro_expandable_6_7.metroExpandable.METRO_EXPANDABLE_Apple_laptops-store_EDRA19TG8T05_wp6&otracker1=hp_rich_navigation_PINNED_neo%2Fmerchandising_NA_NAV_EXPANDABLE_navigationCard_cc_13_L1_view-all&fm=organic&iid=8fdb28e4-a1b9-437a-8827-e32398d1f634.COMH64PYA2ATXD8K.SEARCH&ppt=None&ppn=None&ssid=6iuk3yrrwg0000001739447108714,"Apple Apple M3 - (16 GB/256 GB SSD/macOS Sequoia) MC9G4HN/A  (15.3 Inch, Midnight, 1.51 kg)","₹1,22,990","₹1,34,900",,"['https://rukminim2.flixcart.com/image/416/416/xif0q/computer/m/7/y/-original-imagypv6datec8tp.jpeg?q=70&crop=false', 'https://rukminim2.flixcart.com/image/416/416/xif0q/computer/w/c/d/-original-imagypv6zjgrspay.jpeg?q=70&crop=false', 'https://rukminim2.flixcart.com/image/416/416/xif0q/computer/0/j/k/-original-imagypv6zewrxyf9.jpeg?q=70&crop=false', 'https://rukminim2.flixcart.com/image/416/416/xif0q/computer/o/0/o/-original-imagypv6gychyzmt.jpeg?q=70&crop=false', 'https://rukminim2.flixcart.com/image/416/416/xif0q/computer/h/z/v/-original-imagypv6ubypgdfz.jpeg?q=70&crop=false', 'https://rukminim2.flixcart.com/image/416/416/xif0q/computer/x/x/u/-original-imagypv6zeuk72zb.jpeg?q=70&crop=false', 'https://rukminim2.flixcart.com/image/416/416/xif0q/computer/w/c/g/-original-imagypv6gv5h4rqg.jpeg?q=70&crop=false', 'https://rukminim2.flixcart.com/image/416/416/xif0q/computer/g/d/l/-original-imagypv6vdrspghc.jpeg?q=70&crop=false', 'https://rukminim2.flixcart.com/image/416/416/xif0q/computer/e/u/z/-original-imagypv6znkdaxw5.jpeg?q=70&crop=false']","15.3 inch MacBook Air USB-C Power Adapter, USB-C to MagSafe 3 Cable (2 m)",MC9G4HN/A,MC9G4HN/A,MacBook Air,,Midnight,Thin and Light Laptop,Processing & Multitasking,,,No,Apple,M3,Yes,256 GB,16 GB,Unified Memory,,,NA,SSD,macOS Sequoia,2 x Thunderbolt USB 4,,No,38.86 cm (15.3 Inch),2880 x 1864 Pixel,"Liquid Retina display, LED-backlit display with IPS technology native resolution at 224 pixels per inch, 500 nits brightness",Built-in Speakers,,Wi-Fi 6E (802.11ax),v5.3,340.4 x 237.6 x 11.5 mm,1.51 kg,Not Available,1080p FaceTime HD camera,Backlit Magic Keyboard,Yes,1 Year Limited Warranty,Onsite,Manufacturing Defects,Physical Damage,,Upto 18 Hours,,Yes,Four-speaker sound system,,"Built-in Apps: App Store, Books, Calendar, Contacts, FaceTime, Find My, Freeform, GarageBand, Home, iMovie, Keynote, Mail, Maps, Messages, Music, Notes, Numbers, Pages, Photo Booth, Photos, Podcasts, Preview, QuickTime Player, Reminders, Safari, Shortcuts, Siri, Stocks, Time Machine, TV, Voice Memos, Weather",,1 Year,,,,,,,,,,,,,,,,
1,Laptop,https://www.flipkart.com/hp-victus-intel-core-i5-12th-gen-16-gb-512-gb-ssd-windows-11-home-4-graphics-nvidia-geforce-rtx-2050-15-fa1351tx-gaming-laptop/p/itm9ad6649afe111?pid=COMHY8KVNMU2S5QQ&lid=LSTCOMHY8KVNMU2S5QQSFQYGS&marketplace=FLIPKART&store=6bo%2Fb5g&srno=b_1_21&otracker=clp_metro_expandable_6_7.metroExpandable.METRO_EXPANDABLE_Apple_laptops-store_EDRA19TG8T05_wp6&otracker1=hp_rich_navigation_PINNED_neo%2Fmerchandising_NA_NAV_EXPANDABLE_navigationCard_cc_13_L1_view-all&fm=organic&iid=en_Xin_MZoaB73Xrz19m1oZQkFmrPUId2GpCPi-0LkuLK57DorzgmScpB5O2JJSbqc1ALxJaeNBGapOQBTEBX2ABMsrgPW5YLzJU0_H6_RHKR0%3D&ppt=None&ppn=None&ssid=6iuk3yrrwg0000001739447108714,"HP Victus Intel Core i5 12th Gen - (16 GB/512 GB SSD/Windows 11 Home/4 GB Graphics/NVIDIA GeForce RTX 2050) 15-fa1351TX Gaming Laptop  (15.6 inch, Performance Blue)","₹60,990","₹76,354",,"['https://rukminim2.flixcart.com/image/416/416/xif0q/computer/k/8/k/15-fa1226tx-gaming-laptop-hp-original-imah4bjbx8ctzdg6.jpeg?q=70&crop=false', 'https://rukminim2.flixcart.com/image/416/416/xif0q/computer/1/v/9/15-fa1226tx-gaming-laptop-hp-original-imah4bjbwhchgm3t.jpeg?q=70&crop=false', 'https://rukminim2.flixcart.com/image/416/416/xif0q/computer/1/1/i/15irh8-gaming-laptop-lenovo-original-imah4ftv86mhyyyc.jpeg?q=70&crop=false', 'https://rukminim2.flixcart.com/image/416/416/xif0q/computer/6/z/v/-original-imah4negpeh2nfhm.jpeg?q=70&crop=false', 'https://rukminim2.flixcart.com/image/416/416/xif0q/computer/6/1/1/15-fa1226tx-gaming-laptop-hp-original-imah4bjbvzcddjz4.jpeg?q=70&crop=false', 'https://rukminim2.flixcart.com/image/416/416/xif0q/computer/q/l/j/15-fa1226tx-gaming-laptop-hp-original-imah4bjbhkwksgyy.jpeg?q=70&crop=false', 'https://rukminim2.flixcart.com/image/416/416/xif0q/computer/x/p/1/15-fa1226tx-gaming-laptop-hp-original-imah4bjbzusavuzf.jpeg?q=70&crop=false', 'https://rukminim2.flixcart.com/image/416/416/xif0q/computer/k/b/o/15-fa1226tx-gaming-laptop-hp-original-imah4bjbqebc6ups.jpeg?q=70&crop=false', 'https://rukminim2.flixcart.com/image/416/416/xif0q/computer/6/y/i/15-fa1226tx-gaming-laptop-hp-original-imah4bjbtug8wnxp.jpeg?q=70&crop=false', 'https://rukminim2.flixcart.com/image/416/416/xif0q/computer/r/h/2/15-fa1226tx-gaming-laptop-hp-original-imah4bjbyuffxfky.jpeg?q=70&crop=false', 'https://rukminim2.flixcart.com/image/416/416/xif0q/computer/z/x/j/15-fa1226tx-gaming-laptop-hp-original-imah4bjbwpzgbtja.jpeg?q=70&crop=false', 'https://rukminim2.flixcart.com/image/416/416/xif0q/computer/u/8/z/15-fa1226tx-gaming-laptop-hp-original-imah4bjbf4kesdfq.jpeg?q=70&crop=false', 'https://rukminim2.flixcart.com/image/416/416/xif0q/computer/2/p/u/15-fa1226tx-gaming-laptop-hp-original-imah4bjbygydsdqd.jpeg?q=70&crop=false', 'https://rukminim2.flixcart.com/image/416/416/xif0q/computer/x/k/8/15-fa1226tx-gaming-laptop-hp-original-imah4bjb26sgyert.jpeg?q=70&crop=false']","Laptop, Power Adaptor, User Guide, Warranty Documents",15-fa1351TX,A18QBPA,15-fa1351TX,Victus,Performance Blue,Gaming Laptop,Gaming,,,No,Intel,Core i5,Yes,512 GB,16 GB,DDR4,,,NVIDIA GeForce RTX 2050,SSD,Windows 11 Home,,,No,39.62 cm (15.6 inch),1920 x 1080 Pixels,,,,,v5.3,,,Not Available,,,,1 Year Onsite Warranty,Onsite,Manufacturing Damage,Physical Damage,,Upto 6 Hours and 30 Minutes,,,,,,,1 Year,,12th Gen,,,,,,,DDR4,4 GB,,,Windows 11,,,
1,Laptop,https://www.flipkart.com/hp-15-2024-amd-ryzen-3-quad-core-7320u-8-gb-512-gb-ssd-windows-11-home-15-fc0154au-thin-light-laptop/p/itm341b4714ead99?pid=COMH56DFUBTUMXRH&lid=LSTCOMH56DFUBTUMXRHJB5N3B&marketplace=FLIPKART&store=6bo%2Fb5g&srno=b_1_22&otracker=clp_metro_expandable_6_7.metroExpandable.METRO_EXPANDABLE_Apple_laptops-store_EDRA19TG8T05_wp6&otracker1=hp_rich_navigation_PINNED_neo%2Fmerchandising_NA_NAV_EXPANDABLE_navigationCard_cc_13_L1_view-all&fm=organic&iid=en_Xin_MZoaB73Xrz19m1oZQkFmrPUId2GpCPi-0LkuLK5Q6WglK-0DxGRkkcUl5aV_OwXPN1wa8bIuVY0Vm5En2OI7uWi7bi3WLqk6JF-UYDE%3D&ppt=None&ppn=None&ssid=6iuk3yrrwg0000001739447108714,"HP 15 (2024) AMD Ryzen 3 Quad Core 7320U - (8 GB/512 GB SSD/Windows 11 Home) 15-fc0154AU Thin and Light Laptop  (15.6 Inch, Silver, 1.59 Kg, With MS Office)","₹29,290","₹45,995",,"['https://rukminim2.flixcart.com/image/416/416/xif0q/computer/c/w/5/-original-imagpecqk6gdp9dh.jpeg?q=70&crop=false', 'https://rukminim2.flixcart.com/image/416/416/xif0q/computer/c/o/s/-original-imah6gzyyhysgpbh.jpeg?q=70&crop=false', 'https://rukminim2.flixcart.com/image/416/416/xif0q/computer/b/j/r/-original-imah6gzyhes9xrrz.jpeg?q=70&crop=false', 'https://rukminim2.flixcart.com/image/416/416/xif0q/computer/o/e/n/-original-imah6gzynmg2uwap.jpeg?q=70&crop=false', 'https://rukminim2.flixcart.com/image/416/416/xif0q/computer/r/q/h/-original-imah6gzyfrczzfzq.jpeg?q=70&crop=false', 'https://rukminim2.flixcart.com/image/416/416/xif0q/computer/b/w/2/-original-imah6gzy4ufjfyrr.jpeg?q=70&crop=false', 'https://rukminim2.flixcart.com/image/416/416/xif0q/computer/q/b/r/-original-imah6gzyxnc3m2vu.jpeg?q=70&crop=false', 'https://rukminim2.flixcart.com/image/416/416/xif0q/computer/p/r/j/-original-imah6gzy5hn4zxb9.jpeg?q=70&crop=false', 'https://rukminim2.flixcart.com/image/416/416/xif0q/computer/1/t/3/-original-imah6gzyjyymqrh2.jpeg?q=70&crop=false', 'https://rukminim2.flixcart.com/image/416/416/xif0q/computer/3/z/j/-original-imah6gzy3e7wpmwq.jpeg?q=70&crop=false', 'https://rukminim2.flixcart.com/image/416/416/xif0q/computer/4/i/n/-original-imah6gzyfvpvjrfj.jpeg?q=70&crop=false']","Laptop, Power Adaptor, User Guide, Warranty Documents",15-fc0154AU,9D3M8PA,15-fc0154AU,15 (2024),Silver,Thin and Light Laptop,Processing & Multitasking,,,Yes,AMD,Ryzen 3 Quad Core,Yes,512 GB,8 GB,DDR4,7320U,Max Turbo Frequency 4.1 GHz,AMD Radeon AMD,SSD,Windows 11 Home,"1 x USB Type-C 5Gbps signaling rate (supports data transfer only and does not support charging or external monitors), 2 x USB Type-A 5Gbps signaling rate",,No,39.62 cm (15.6 Inch),1920 x 1080 Pixel,"Full HD, micro-edge, anti-glare, 250 nits, 45% NTSC",Yes,Yes,Realtek Wi-Fi 6 (1x1),v5.3,359.8 x 236 x 18.6 mm,1.59 Kg,Not Available,HP True Vision 1080p FHD camera,"Full-size, soft grey keyboard with numeric keypad",,1 Year Onsite Warranty,Onsite,Manufacturing Defects,Physical Damage,,,,,,,,,,,,,,,,,,,,,,,,,
1,Laptop,https://www.flipkart.com/apple-macbook-air-m3-16-gb-512-gb-ssd-macos-sonoma-mxd43hn-a/p/itmb1aa0cc739560?pid=COMGYP5GSZFWRXCE&lid=LSTCOMGYP5GSZFWRXCEJGOJUL&marketplace=FLIPKART&store=6bo%2Fb5g&srno=b_1_23&otracker=clp_metro_expandable_6_7.metroExpandable.METRO_EXPANDABLE_Apple_laptops-store_EDRA19TG8T05_wp6&otracker1=hp_rich_navigation_PINNED_neo%2Fmerchandising_NA_NAV_EXPANDABLE_navigationCard_cc_13_L1_view-all&fm=organic&iid=8fdb28e4-a1b9-437a-8827-e32398d1f634.COMGYP5GSZFWRXCE.SEARCH&ppt=None&ppn=None&ssid=6iuk3yrrwg0000001739447108714,"Apple MacBook Air Apple M3 - (16 GB/512 GB SSD/macOS Sonoma) MXD43HN/A  (15 Inch, Midnight, 1.51 Kg)","₹1,54,900",,,"['https://rukminim2.flixcart.com/image/416/416/xif0q/computer/m/7/y/-original-imagypv6datec8tp.jpeg?q=70&crop=false', 'https://rukminim2.flixcart.com/image/416/416/xif0q/computer/0/j/k/-original-imagypv6zewrxyf9.jpeg?q=70&crop=false', 'https://rukminim2.flixcart.com/image/416/416/xif0q/computer/x/x/u/-original-imagypv6zeuk72zb.jpeg?q=70&crop=false', 'https://rukminim2.flixcart.com/image/416/416/xif0q/computer/w/c/g/-original-imagypv6gv5h4rqg.jpeg?q=70&crop=false', 'https://rukminim2.flixcart.com/image/416/416/xif0q/computer/h/z/v/-original-imagypv6ubypgdfz.jpeg?q=70&crop=false', 'https://rukminim2.flixcart.com/image/416/416/xif0q/computer/w/c/d/-original-imagypv6zjgrspay.jpeg?q=70&crop=false', 'https://rukminim2.flixcart.com/image/416/416/xif0q/computer/g/d/l/-original-imagypv6vdrspghc.jpeg?q=70&crop=false', 'https://rukminim2.flixcart.com/image/416/416/xif0q/computer/o/0/o/-original-imagypv6gychyzmt.jpeg?q=70&crop=false', 'https://rukminim2.flixcart.com/image/416/416/xif0q/computer/e/u/z/-original-imagypv6znkdaxw5.jpeg?q=70&crop=false']","MacBook Air, USB-C Power Adapter, USB-C to MagSafe 3 Cable (2 m)",MXD43HN/A,MXD43HN/A,MacBook Air,MacBook Air,Midnight,Thin and Light Laptop,Processing & Multitasking,USB-C Power Adapter,,No,Apple,M3,Yes,512 GB,16 GB,Unified Memory,,,NA,SSD,macOS Sonoma,"2 x Thunderbolt / USB 4 ports with support for Charging, DisplayPort, Thunderbolt 3 (up to 40 Gbps), USB 4 (up to 40 Gbps)",,No,38.1 cm (15 Inch),2880 x 1864 Pixel,"Liquid Retina display, LED-backlit Display with IPS Technology, Native Resolution at 224 pixels per inch, 500 nits Brightness",Built-in Speakers,"Three-mic array with directional beamforming, Voice Isolation and Wide Spectrum microphone modes, Enhanced voice clarity in audio and video calls",Wi-Fi 6E (802.11ax),v5.3,340.4 x 237.6 x 11.5 mm,1.51 Kg,Not Available,1080p FaceTime HD camera,Backlit Magic Keyboard,Yes,1 Year Onsite Warranty,Onsite,Manufacturing Defects,Physical Damage,,Upto 18 Hours,8,,"Six-speaker sound system with force-cancelling woofers, Support for Spatial Audio when playing music or video with Dolby Atmos on built-in speakers, Spatial Audio with dynamic head tracking when using AirPods (3rd generation), AirPods Pro and AirPods Max",Force Touch Trackpad,"Built-in Apps: App Store, Books, Calendar, Contacts, FaceTime, Find My, Freeform, GarageBand, Home, iMovie, Keynote, Mail, Maps, Messages, Music, Notes, Numbers, Pages, Photo Booth, Photos, Podcasts, Preview, QuickTime Player, Reminders, Safari, Shortcuts, Siri, Stocks, Time Machine, TV, Voice Memos",66.5-watt-hour Lithium‑Polymer Battery,1 Year,,,,,,,,,,,,,,,,
1,Laptop,https://www.flipkart.com/apple-macbook-air-m2-8-gb-512-gb-ssd-mac-os-monterey-mly43hn-a/p/itmdc5308fa78421?pid=COMGFB2GDBDYXF9D&lid=LSTCOMGFB2GDBDYXF9DYCBMGJ&marketplace=FLIPKART&store=6bo%2Fb5g&srno=b_1_24&otracker=clp_metro_expandable_6_7.metroExpandable.METRO_EXPANDABLE_Apple_laptops-store_EDRA19TG8T05_wp6&otracker1=hp_rich_navigation_PINNED_neo%2Fmerchandising_NA_NAV_EXPANDABLE_navigationCard_cc_13_L1_view-all&fm=organic&iid=8fdb28e4-a1b9-437a-8827-e32398d1f634.COMGFB2GDBDYXF9D.SEARCH&ppt=None&ppn=None&ssid=6iuk3yrrwg0000001739447108714,"Apple MacBook AIR Apple M2 - (8 GB/512 GB SSD/Mac OS Monterey) MLY43HN/A  (13.6 Inch, Midnight, 1.24 Kg)","₹83,990","₹1,19,900","Charged in a blazing-fast speed with the next-level M2 chip, this redesigned Apple’s notebook comes with mind blowing and has an excellent battery backup that can last up to 18 hours, which comes with an aluminium enclosure. ","['https://rukminim2.flixcart.com/image/416/416/xif0q/computer/2/v/v/-original-imagfdeqter4sj2j.jpeg?q=70&crop=false', 'https://rukminim2.flixcart.com/image/416/416/xif0q/computer/f/j/d/-original-imagfdequ9yzecg6.jpeg?q=70&crop=false', 'https://rukminim2.flixcart.com/image/416/416/xif0q/computer/a/w/p/-original-imagfdeqqe6kkuxw.jpeg?q=70&crop=false', 'https://rukminim2.flixcart.com/image/416/416/xif0q/computer/j/r/t/-original-imagfdeqhcbt4mfu.jpeg?q=70&crop=false', 'https://rukminim2.flixcart.com/image/416/416/xif0q/computer/q/x/g/-original-imagfdeqzyg92uza.jpeg?q=70&crop=false', 'https://rukminim2.flixcart.com/image/416/416/xif0q/computer/b/d/n/-original-imagfdeqvjtkhuhk.jpeg?q=70&crop=false', 'https://rukminim2.flixcart.com/image/416/416/xif0q/computer/o/v/u/-original-imagfdeqej6rhh94.jpeg?q=70&crop=false', 'https://rukminim2.flixcart.com/image/416/416/xif0q/computer/u/8/n/-original-imagfdeqhmfry6e8.jpeg?q=70&crop=false', 'https://rukminim2.flixcart.com/image/416/416/xif0q/computer/k/n/v/-original-imagfdeqqwqtsfyr.jpeg?q=70&crop=false', 'https://rukminim2.flixcart.com/image/416/416/xif0q/computer/l/g/v/-original-imagfdeqzggkghx6.jpeg?q=70&crop=false', 'https://rukminim2.flixcart.com/image/416/416/xif0q/computer/l/e/b/-original-imagfdeqsgxj6chx.jpeg?q=70&crop=false']","MacBook Air, 35W Dual USB-C Port Power Adapter, USB-C to MagSafe 3 Cable",MLY43HN/A,MLY43HN/A,MacBook Air,MacBook AIR,Midnight,Thin and Light Laptop,Processing & Multitasking,35 W Dual USB-C Port Power Adapter,,No,Apple,M2,Yes,512 GB,8 GB,Unified Memory,Apple M2 Chip,,NA,SSD,Mac OS Monterey,"2 x Thunderbolt / USB 4 Ports (USB 4 (up to 40 Gbps), USB 3.1 Gen 2 (up to 10 Gbps)",,No,34.54 cm (13.6 Inch),2560 x 1664 Pixel,"Liquid Retina Display, LED-backlit display with IPS technology, 500 nits brightness, Wide colour (P3), True Tone technology",Built-in Speakers,Three-mic Array with Directional Beamforming,802.11ax Wi-Fi 6 wireless networking,v5.0,304.1 x 215.0 x 11.3,1.24 Kg,Not Available,1080p FaceTime HD camera,Backlit Magic Keyboard,Yes,1 Year Limited Warranty,Onsite,Manufacturing Defects,Physical Damage,,Upto 18 Hours,8,Yes,"Stereo Speakers, Wide Stereo Sound, Support for Dolby Atmos",Force Touch Trackpad,"Built-in Apps: iMovie, Siri, GarageBand, Pages, Numbers, Photos, Keynote, Safari, Mail, FaceTime, Messages, Maps, Stocks, Home, Voice Memos, Notes, Calendar, Contacts, Reminders, Photo Booth, Preview, Books, App Store, Time Machine, TV, Music, Podcasts, Find My, QuickTime Player",52.6 Watt Hour Lithium Polymer Battery,1 Year,,,,,,,,,,,,,,,,
