cat_od,category,links,title,price,dis_price,description,images,In The Box,Model Number,Model Name,Color,Browse Type,SIM Type,Hybrid Sim Slot,Touchscreen,OTG Compatible,Quick Charging,Sound Enhancements,Display Size,Resolution,Resolution Type,Display Type,Other Display Features,Operating System,Processor Brand,Processor Type,Internal Storage,Primary Camera Available,Primary Camera,Primary Camera Features,Secondary Camera Available,Secondary Camera,Secondary Camera Features,Flash,HD Recording,Full HD Recording,Video Recording,Video Recording Resolution,Digital Zoom,Call Wait/Hold,Network Type,Supported Networks,Internet Connectivity,Pre-installed Browser,Bluetooth Support,Bluetooth Version,Wi-Fi,Wi-Fi Version,Wi-Fi Hotspot,NFC,EDGE,Map Support,GPS Support,Smartphone,SIM Size,Mobile Tracker,Removable Battery,SMS,Graphics PPI,Sensors,Series,Other Features,GPS Type,Audio Formats,Video Formats,Width,Height,Depth,Weight,Warranty Summary,Warranty Service Type,Domestic Warranty
4,phone,https://www.flipkart.com/apple-iphone-se-black-128-gb/p/itma9285ccc6af28?pid=MOBFWQ6BHUEVZPXD&lid=LSTMOBFWQ6BHUEVZPXDIKHEEO&marketplace=FLIPKART&store=tyy%2F4io&srno=b_1_1&otracker=nmenu_sub_Electronics_0_iPhone%20SE&fm=organic&iid=c9843e80-d8d0-4bca-a452-cf8c2993dfd3.MOBFWQ6BHUEVZPXD.SEARCH&ppt=None&ppn=None&ssid=mmtlymoh5s0000001739454891596,"Apple iPhone SE (Black, 128 GB)","₹44,900","₹1,799",NA,"['https://rukminim2.flixcart.com/image/416/416/k9loccw0/mobile/p/z/q/apple-iphone-se-mxd02hn-a-original-imafrcpjyscxm8fv.jpeg?q=70&crop=false', 'https://rukminim2.flixcart.com/image/416/416/k9loccw0/mobile/p/z/q/apple-iphone-se-mxd02hn-a-original-imafrcpjyscxm8fv.jpeg?q=70&crop=false', 'https://rukminim2.flixcart.com/image/416/416/k9loccw0/mobile/p/z/q/apple-iphone-se-mxd02hn-a-original-imafrcpjfehbbqgb.jpeg?q=70&crop=false', 'https://rukminim2.flixcart.com/image/416/416/k9loccw0/mobile/p/z/q/apple-iphone-se-mxd02hn-a-original-imafrcpjgcphy69z.jpeg?q=70&crop=false', 'https://rukminim2.flixcart.com/image/416/416/kmp7ngw0/mobile/x/e/b/iphone-se-mhgp3hn-a-apple-original-imagfj4cqstgepcp.jpeg?q=70&crop=false', 'https://rukminim2.flixcart.com/image/416/416/k9loccw0/mobile/p/z/q/apple-iphone-se-mxd02hn-a-original-imafrcpjdkt4ef7w.jpeg?q=70&crop=false', 'https://rukminim2.flixcart.com/image/416/416/k9loccw0/mobile/p/z/q/apple-iphone-se-mxd02hn-a-original-imafrcpjvegg9wqa.jpeg?q=70&crop=false', 'https://rukminim2.flixcart.com/image/416/416/k9loccw0/mobile/p/z/q/apple-iphone-se-mxd02hn-a-original-imafrcpjzhpkwuxp.jpeg?q=70&crop=false', 'https://rukminim2.flixcart.com/image/416/416/k9loccw0/mobile/p/z/q/apple-iphone-se-mxd02hn-a-original-imafrcpjf9fhfcjt.jpeg?q=70&crop=false', 'https://rukminim2.flixcart.com/image/416/416/k9loccw0/mobile/p/z/q/apple-iphone-se-mxd02hn-a-original-imafrcpj393yex36.jpeg?q=70&crop=false']",,,,,,,,,,,,,,,,,,,,,,,,,,,,,,,,,,,,,,,,,,,,,,,,,,,,,,,,,,,,,,,,,
4,phone,https://www.flipkart.com/apple-iphone-se-black-64-gb/p/itma9285ccc6af28?pid=MOBFWQ6BR3MK7AUG&lid=LSTMOBFWQ6BR3MK7AUGEJNZLF&marketplace=FLIPKART&store=tyy%2F4io&srno=b_1_2&otracker=nmenu_sub_Electronics_0_iPhone%20SE&fm=organic&iid=c9843e80-d8d0-4bca-a452-cf8c2993dfd3.MOBFWQ6BR3MK7AUG.SEARCH&ppt=None&ppn=None&ssid=mmtlymoh5s0000001739454891596,"Apple iPhone SE (Black, 64 GB)","₹39,900","₹1,499",NA,"['https://rukminim2.flixcart.com/image/416/416/k9loccw0/mobile/p/z/q/apple-iphone-se-mxd02hn-a-original-imafrcpjyscxm8fv.jpeg?q=70&crop=false', 'https://rukminim2.flixcart.com/image/416/416/k9loccw0/mobile/p/z/q/apple-iphone-se-mxd02hn-a-original-imafrcpjyscxm8fv.jpeg?q=70&crop=false', 'https://rukminim2.flixcart.com/image/416/416/k9loccw0/mobile/p/z/q/apple-iphone-se-mxd02hn-a-original-imafrcpjfehbbqgb.jpeg?q=70&crop=false', 'https://rukminim2.flixcart.com/image/416/416/k9loccw0/mobile/p/z/q/apple-iphone-se-mxd02hn-a-original-imafrcpjgcphy69z.jpeg?q=70&crop=false', 'https://rukminim2.flixcart.com/image/416/416/kmp7ngw0/mobile/x/e/b/iphone-se-mhgp3hn-a-apple-original-imagfj4cqstgepcp.jpeg?q=70&crop=false', 'https://rukminim2.flixcart.com/image/416/416/k9loccw0/mobile/p/z/q/apple-iphone-se-mxd02hn-a-original-imafrcpjdkt4ef7w.jpeg?q=70&crop=false', 'https://rukminim2.flixcart.com/image/416/416/k9loccw0/mobile/p/z/q/apple-iphone-se-mxd02hn-a-original-imafrcpjvegg9wqa.jpeg?q=70&crop=false', 'https://rukminim2.flixcart.com/image/416/416/k9loccw0/mobile/p/z/q/apple-iphone-se-mxd02hn-a-original-imafrcpjzhpkwuxp.jpeg?q=70&crop=false', 'https://rukminim2.flixcart.com/image/416/416/k9loccw0/mobile/p/z/q/apple-iphone-se-mxd02hn-a-original-imafrcpjf9fhfcjt.jpeg?q=70&crop=false', 'https://rukminim2.flixcart.com/image/416/416/k9loccw0/mobile/p/z/q/apple-iphone-se-mxd02hn-a-original-imafrcpj393yex36.jpeg?q=70&crop=false']",,,,,,,,,,,,,,,,,,,,,,,,,,,,,,,,,,,,,,,,,,,,,,,,,,,,,,,,,,,,,,,,,
4,phone,https://www.flipkart.com/apple-iphone-se-red-128-gb/p/itma4202509da171?pid=MOBFWQ6BJTVFKPEJ&lid=LSTMOBFWQ6BJTVFKPEJX42IMP&marketplace=FLIPKART&store=tyy%2F4io&srno=b_1_3&otracker=nmenu_sub_Electronics_0_iPhone%20SE&fm=organic&iid=c9843e80-d8d0-4bca-a452-cf8c2993dfd3.MOBFWQ6BJTVFKPEJ.SEARCH&ppt=None&ppn=None&ssid=mmtlymoh5s0000001739454891596,"Apple iPhone SE (Red, 128 GB)","₹44,900","₹1,799",NA,"['https://rukminim2.flixcart.com/image/416/416/k9loccw0/mobile/6/8/g/apple-iphone-se-mxvv2hn-a-original-imafrcqmfh4zznmq.jpeg?q=70&crop=false', 'https://rukminim2.flixcart.com/image/416/416/k9loccw0/mobile/6/8/g/apple-iphone-se-mxvv2hn-a-original-imafrcqmfh4zznmq.jpeg?q=70&crop=false', 'https://rukminim2.flixcart.com/image/416/416/k9loccw0/mobile/6/8/g/apple-iphone-se-mxvv2hn-a-original-imafrcqmfxhcrpsb.jpeg?q=70&crop=false', 'https://rukminim2.flixcart.com/image/416/416/k9loccw0/mobile/6/8/g/apple-iphone-se-mxvv2hn-a-original-imafrcqmzzajg3zg.jpeg?q=70&crop=false', 'https://rukminim2.flixcart.com/image/416/416/kmp7ngw0/mobile/d/h/n/iphone-se-mhgv3hn-a-apple-original-imagfj4ckfdpffch.jpeg?q=70&crop=false', 'https://rukminim2.flixcart.com/image/416/416/k9loccw0/mobile/6/8/g/apple-iphone-se-mxvv2hn-a-original-imafrcqmh5hgugse.jpeg?q=70&crop=false', 'https://rukminim2.flixcart.com/image/416/416/k9loccw0/mobile/6/8/g/apple-iphone-se-mxvv2hn-a-original-imafrcqmyhg8h82e.jpeg?q=70&crop=false', 'https://rukminim2.flixcart.com/image/416/416/k9loccw0/mobile/6/8/g/apple-iphone-se-mxvv2hn-a-original-imafrcqmn2873425.jpeg?q=70&crop=false', 'https://rukminim2.flixcart.com/image/416/416/k9loccw0/mobile/6/8/g/apple-iphone-se-mxvv2hn-a-original-imafrcqmhkqzv7xx.jpeg?q=70&crop=false', 'https://rukminim2.flixcart.com/image/416/416/k9loccw0/mobile/6/8/g/apple-iphone-se-mxvv2hn-a-original-imafrcqmqesyfhhy.jpeg?q=70&crop=false']",,,,,,,,,,,,,,,,,,,,,,,,,,,,,,,,,,,,,,,,,,,,,,,,,,,,,,,,,,,,,,,,,
4,phone,https://www.flipkart.com/apple-iphone-se-white-64-gb-includes-earpods-power-adapter/p/itma00a19e11c81b?pid=MOBFRFXHMEZRCXRV&lid=LSTMOBFRFXHMEZRCXRVYYW7NX&marketplace=FLIPKART&store=tyy%2F4io&srno=b_1_4&otracker=nmenu_sub_Electronics_0_iPhone%20SE&fm=organic&iid=c9843e80-d8d0-4bca-a452-cf8c2993dfd3.MOBFRFXHMEZRCXRV.SEARCH&ppt=None&ppn=None&ssid=mmtlymoh5s0000001739454891596,"Apple iPhone SE (White, 64 GB) (Includes EarPods, Power Adapter)","₹39,900","₹1,499","iPhone SE is the most powerful 11.94-cm (4.7) iPhone ever. It features the incredibly-fast A13 Bionic for incredible performance in apps, games, and photography, Portrait mode for studio-quality portraits and six lighting effects, Next-generation Smart HDR for incredible detail across highlights and shadows, Cinematic-quality 4K video, and all the advanced features of iOS. With long battery life and water resistance, it’s so much of the iPhone you love, in a not-so-big size.","['https://rukminim2.flixcart.com/image/416/416/k9loccw0/mobile/6/b/z/apple-iphone-se-mxd12hn-a-original-imafrcqf9nze6evk.jpeg?q=70&crop=false', 'https://rukminim2.flixcart.com/image/416/416/k9loccw0/mobile/6/b/z/apple-iphone-se-mxd12hn-a-original-imafrcqf9nze6evk.jpeg?q=70&crop=false', '//static-assets-web.flixcart.com/fk-p-linchpin-web/fk-cp-zion/img/360-view_c3a99e.png', 'https://rukminim2.flixcart.com/image/416/416/k9loccw0/mobile/6/b/z/apple-iphone-se-mxd12hn-a-original-imafrcqfsuzwa3dz.jpeg?q=70&crop=false', 'https://rukminim2.flixcart.com/image/416/416/k9loccw0/mobile/6/b/z/apple-iphone-se-mxd12hn-a-original-imafrcqfftzjrwbr.jpeg?q=70&crop=false', 'https://rukminim2.flixcart.com/image/416/416/k9loccw0/mobile/6/b/z/apple-iphone-se-mxd12hn-a-original-imafrcqftzs6tybk.jpeg?q=70&crop=false', 'https://rukminim2.flixcart.com/image/416/416/k9loccw0/mobile/6/b/z/apple-iphone-se-mxd12hn-a-original-imafrcqfuchr38jz.jpeg?q=70&crop=false', 'https://rukminim2.flixcart.com/image/416/416/k9loccw0/mobile/p/z/q/apple-iphone-se-mxd02hn-a-original-imafrcpjsnr2n9uz.jpeg?q=70&crop=false', 'https://rukminim2.flixcart.com/image/416/416/k9loccw0/mobile/6/b/z/apple-iphone-se-mxd12hn-a-original-imafrcqfbabmc4yn.jpeg?q=70&crop=false', 'https://rukminim2.flixcart.com/image/416/416/k9loccw0/mobile/6/b/z/apple-iphone-se-mxd12hn-a-original-imafrcqfdhrrbsmq.jpeg?q=70&crop=false', 'https://rukminim2.flixcart.com/image/416/416/k9loccw0/mobile/6/b/z/apple-iphone-se-mxd12hn-a-original-imafrcqfwxpk3czr.jpeg?q=70&crop=false', 'https://rukminim2.flixcart.com/image/416/416/k9loccw0/mobile/6/b/z/apple-iphone-se-mxd12hn-a-original-imafrcqftfcfzxbf.jpeg?q=70&crop=false']","iPhone, EarPods with Lightning Connector, Lightning to USB Cable, USB Power Adapter, Documentation",MX9T2HN/A,iPhone SE,White,Smartphones,Dual Sim,No,Yes,No,Yes,Built-in Stereo Speaker,11.94 cm (4.7 inch),1334 x 750 Pixels,Retina HD Display,Retina HD Display,"Widescreen HD LCD Retina Multi-touch IPS Display (1400:1 Contrast Ratio (Typical), True Tone Display, Wide Color Display (P3), Haptic Touch, 625 nits Max Brightness (Typical), Fingerprint-resistant Oleophobic Coating, Display Zoom, Reachability)",iOS 13,Apple,A13 Bionic Chip with 3rd Gen Neural Engine,64 GB,Yes,12MP Rear Camera,"12MP Wide Camera, F/1.8 Aperture, Portrait Mode with Advanced Bokeh and Depth Control, Portrait Lighting with Six Effects (Natural, Studio, Contour, Stage, Stage Mono, High-Key Mono), Optical Image Stabilisation, Six‑element Lens, Panorama (Upto 63 MP), Sapphire Crystal Lens Cover, Autofocus with Focus Pixels, Wide Color Capture for Photos and Live Photos, Next-generation Smart HDR for Photos, Advanced Red-eye Correction, Auto Image Stabilisation, Burst Mode, Photo Geotagging, Image Formats Captured: HEIF and JPEG | Video: 4K Video Recording Upto 60 fps, 1080p HD Video Recording Upto 60fps, 720p HD Video Recording at 30 fps, Extended Dynamic Range for Video Upto 30 fps, Optical Image Stabilisation for Video, QuickTake Video, Slow-motion Video Support for 1080p Upto 240 fps, Time-lapse Video with Stabilisation, Cinematic Video Stabilisation (4K,1080p and 720p), Continuous Autofocus Video, Take 8 MP Still Photos while Recording 4K Video, Playback Zoom, Video Formats Recorded: HEVC and H.264, Stereo Recording",Yes,7MP Front Camera,"7 MP Camera, F/2.2 Aperture, Portrait Mode with Advanced Bokeh and Depth Control, Portrait Lighting with Six Effects (Natural, Studio, Contour, Stage, Stage Mono, High-Key Mono), 1080p HD Video Recording at 30 fps, QuickTake Video, Wide Color Capture for Photos and Live Photos, Auto HDR for Photos, Auto Image Stabilisation, Burst Mode, Cinematic Video Stabilisation (1080p and 720p)",Rear: LED True Tone Flash with Slow Sync | Front: Retina Flash,Yes,Yes,Yes,"4K, 1080p, 720p","Photo: Digital Zoom Upto 5x, Video: Digital Zoom Upto 3x",Yes,"4G VOLTE, 4G, 3G, 2G","4G VoLTE, 4G LTE, WCDMA, GSM","4G, 3G, Wi-Fi, EDGE",Safari,Yes,v5.0,Yes,802.11ax (Wi-Fi 6 with 2x2 MIMO),Yes,Yes,Yes,Maps,Yes,Yes,Nano + eSIM,Yes,No,Yes,326 PPI,"Touch ID Fingerprint Sensor, Barometer, Three-axis gyro, Accelerometer, Proximity Sensor, Ambient Light Sensor",iPhone SE,"Splash, Water and Dust Resistant (IP67 Rated (Maximum Depth of 1 metre Upto 30 mins) Under IEC Standard 60529), Fingerprint Sensor Built into the Home Hutton, Digital Compass, iBeacon Micro-location, Video Calling (FaceTime Video Calling Over Wi-Fi or Mobile Data), Audio Calling (FaceTime Audio Calling Over Wi-Fi or Mobile Data, Voice over LTE (VoLTE), Wi-Fi Calling), Fast Charge Capable (Upto 50% Charge in 30 mins with 18 W Adapter or Higher), Wireless Charging (Works with Qi Chargers), Accessibility: Voice Control, VoiceOver, Zoom, Magnifier, RTT and TTY Support, Siri and Dictation, Type to Siri, Switch Control, Closed Captions, AssistiveTouch, Speak Screen, Rating for Hearing Aids: M3, T4","A-GPS, GLONASS","AAC-LC, HE-AAC, HE-AAC v2, Protected AAC, MP3, Linear PCM, Apple Lossless, FLAC, Dolby Digital (AC-3), Dolby Digital Plus (E-AC-3) and Audible (Formats 2, 3, 4, Audible Enhanced Audio, AAX and AAX+)","HEVC, H.264, MPEG-4 Part 2 and Motion JPEG",67.3 mm,138.4 mm,7.3 mm,148 g,1 year warranty for phone and 1 year warranty for in Box Accessories.,NA,1 Year
4,phone,https://www.flipkart.com/apple-iphone-se-red-64-gb-includes-earpods-power-adapter/p/itma4202509da171?pid=MOBFRFXHYMPBSB5H&lid=LSTMOBFRFXHYMPBSB5HVHY9KJ&marketplace=FLIPKART&store=tyy%2F4io&srno=b_1_5&otracker=nmenu_sub_Electronics_0_iPhone%20SE&fm=organic&iid=c9843e80-d8d0-4bca-a452-cf8c2993dfd3.MOBFRFXHYMPBSB5H.SEARCH&ppt=None&ppn=None&ssid=mmtlymoh5s0000001739454891596,"Apple iPhone SE (Red, 64 GB) (Includes EarPods, Power Adapter)","₹39,900","₹1,499","iPhone SE is the most powerful 11.94-cm (4.7) iPhone ever. It features the incredibly-fast A13 Bionic for incredible performance in apps, games, and photography, Portrait mode for studio-quality portraits and six lighting effects, Next-generation Smart HDR for incredible detail across highlights and shadows, Cinematic-quality 4K video, and all the advanced features of iOS. With long battery life and water resistance, it’s so much of the iPhone you love, in a not-so-big size.","['https://rukminim2.flixcart.com/image/416/416/k9loccw0/mobile/6/8/g/apple-iphone-se-mxvv2hn-a-original-imafrcqmfh4zznmq.jpeg?q=70&crop=false', 'https://rukminim2.flixcart.com/image/416/416/k9loccw0/mobile/6/8/g/apple-iphone-se-mxvv2hn-a-original-imafrcqmfh4zznmq.jpeg?q=70&crop=false', 'https://rukminim2.flixcart.com/image/416/416/k9loccw0/mobile/6/8/g/apple-iphone-se-mxvv2hn-a-original-imafrcqmfxhcrpsb.jpeg?q=70&crop=false', 'https://rukminim2.flixcart.com/image/416/416/k9loccw0/mobile/6/8/g/apple-iphone-se-mxvv2hn-a-original-imafrcqmzzajg3zg.jpeg?q=70&crop=false', 'https://rukminim2.flixcart.com/image/416/416/k9loccw0/mobile/6/8/g/apple-iphone-se-mxvv2hn-a-original-imafrcqmh5hgugse.jpeg?q=70&crop=false', 'https://rukminim2.flixcart.com/image/416/416/k9loccw0/mobile/6/8/g/apple-iphone-se-mxvv2hn-a-original-imafrcqmyhg8h82e.jpeg?q=70&crop=false', 'https://rukminim2.flixcart.com/image/416/416/k9loccw0/mobile/p/z/q/apple-iphone-se-mxd02hn-a-original-imafrcpjsnr2n9uz.jpeg?q=70&crop=false', 'https://rukminim2.flixcart.com/image/416/416/k9loccw0/mobile/6/8/g/apple-iphone-se-mxvv2hn-a-original-imafrcqmphrvysm9.jpeg?q=70&crop=false', 'https://rukminim2.flixcart.com/image/416/416/k9loccw0/mobile/6/8/g/apple-iphone-se-mxvv2hn-a-original-imafrcqmn2873425.jpeg?q=70&crop=false', 'https://rukminim2.flixcart.com/image/416/416/k9loccw0/mobile/6/8/g/apple-iphone-se-mxvv2hn-a-original-imafrcqmhkqzv7xx.jpeg?q=70&crop=false', 'https://rukminim2.flixcart.com/image/416/416/k9loccw0/mobile/6/8/g/apple-iphone-se-mxvv2hn-a-original-imafrcqmqesyfhhy.jpeg?q=70&crop=false']","iPhone, EarPods with Lightning Connector, Lightning to USB Cable, USB Power Adapter, Documentation",MX9U2HN/A,iPhone SE,Red,Smartphones,Dual Sim,No,Yes,No,Yes,Built-in Stereo Speaker,11.94 cm (4.7 inch),1334 x 750 Pixels,Retina HD Display,Retina HD Display,"Widescreen HD LCD Retina Multi-touch IPS Display (1400:1 Contrast Ratio (Typical), True Tone Display, Wide Color Display (P3), Haptic Touch, 625 nits Max Brightness (Typical), Fingerprint-resistant Oleophobic Coating, Display Zoom, Reachability)",iOS 13,Apple,A13 Bionic Chip with 3rd Gen Neural Engine,64 GB,Yes,12MP Rear Camera,"12MP Wide Camera, F/1.8 Aperture, Portrait Mode with Advanced Bokeh and Depth Control, Portrait Lighting with Six Effects (Natural, Studio, Contour, Stage, Stage Mono, High-Key Mono), Optical Image Stabilisation, Six‑element Lens, Panorama (Upto 63 MP), Sapphire Crystal Lens Cover, Autofocus with Focus Pixels, Wide Color Capture for Photos and Live Photos, Next-generation Smart HDR for Photos, Advanced Red-eye Correction, Auto Image Stabilisation, Burst Mode, Photo Geotagging, Image Formats Captured: HEIF and JPEG | Video: 4K Video Recording Upto 60 fps, 1080p HD Video Recording Upto 60fps, 720p HD Video Recording at 30 fps, Extended Dynamic Range for Video Upto 30 fps, Optical Image Stabilisation for Video, QuickTake Video, Slow-motion Video Support for 1080p Upto 240 fps, Time-lapse Video with Stabilisation, Cinematic Video Stabilisation (4K,1080p and 720p), Continuous Autofocus Video, Take 8 MP Still Photos while Recording 4K Video, Playback Zoom, Video Formats Recorded: HEVC and H.264, Stereo Recording",Yes,7MP Front Camera,"7 MP Camera, F/2.2 Aperture, Portrait Mode with Advanced Bokeh and Depth Control, Portrait Lighting with Six Effects (Natural, Studio, Contour, Stage, Stage Mono, High-Key Mono), 1080p HD Video Recording at 30 fps, QuickTake Video, Wide Color Capture for Photos and Live Photos, Auto HDR for Photos, Auto Image Stabilisation, Burst Mode, Cinematic Video Stabilisation (1080p and 720p)",Rear: LED True Tone Flash with Slow Sync | Front: Retina Flash,Yes,Yes,Yes,"4K, 1080p, 720p","Photo: Digital Zoom Upto 5x, Video: Digital Zoom Upto 3x",Yes,"4G VOLTE, 4G, 3G, 2G","4G VoLTE, 4G LTE, WCDMA, GSM","4G, 3G, Wi-Fi, EDGE",Safari,Yes,v5.0,Yes,802.11ax (Wi-Fi 6 with 2x2 MIMO),Yes,Yes,Yes,Maps,Yes,Yes,Nano + eSIM,Yes,No,Yes,326 PPI,"Touch ID Fingerprint Sensor, Barometer, Three-axis gyro, Accelerometer, Proximity Sensor, Ambient Light Sensor",iPhone SE,"Splash, Water and Dust Resistant (IP67 Rated (Maximum Depth of 1 metre Upto 30 mins) Under IEC Standard 60529), Fingerprint Sensor Built into the Home Hutton, Digital Compass, iBeacon Micro-location, Video Calling (FaceTime Video Calling Over Wi-Fi or Mobile Data), Audio Calling (FaceTime Audio Calling Over Wi-Fi or Mobile Data, Voice over LTE (VoLTE), Wi-Fi Calling), Fast Charge Capable (Upto 50% Charge in 30 mins with 18 W Adapter or Higher), Wireless Charging (Works with Qi Chargers), Accessibility: Voice Control, VoiceOver, Zoom, Magnifier, RTT and TTY Support, Siri and Dictation, Type to Siri, Switch Control, Closed Captions, AssistiveTouch, Speak Screen, Rating for Hearing Aids: M3, T4","A-GPS, GLONASS","AAC-LC, HE-AAC, HE-AAC v2, Protected AAC, MP3, Linear PCM, Apple Lossless, FLAC, Dolby Digital (AC-3), Dolby Digital Plus (E-AC-3) and Audible (Formats 2, 3, 4, Audible Enhanced Audio, AAX and AAX+)","HEVC, H.264, MPEG-4 Part 2 and Motion JPEG",67.3 mm,138.4 mm,7.3 mm,148 g,1 year warranty for phone and 1 year warranty for in Box Accessories.,NA,1 Year
4,phone,https://www.flipkart.com/apple-iphone-se-black-256-gb/p/itma9285ccc6af28?pid=MOBFWQ6BHJB7XAFV&lid=LSTMOBFWQ6BHJB7XAFVEKXZWE&marketplace=FLIPKART&store=tyy%2F4io&srno=b_1_6&otracker=nmenu_sub_Electronics_0_iPhone%20SE&fm=organic&iid=c9843e80-d8d0-4bca-a452-cf8c2993dfd3.MOBFWQ6BHJB7XAFV.SEARCH&ppt=None&ppn=None&ssid=mmtlymoh5s0000001739454891596,"Apple iPhone SE (Black, 256 GB)","₹54,900","₹2,199",NA,"['https://rukminim2.flixcart.com/image/416/416/k9loccw0/mobile/p/z/q/apple-iphone-se-mxd02hn-a-original-imafrcpjyscxm8fv.jpeg?q=70&crop=false', 'https://rukminim2.flixcart.com/image/416/416/k9loccw0/mobile/p/z/q/apple-iphone-se-mxd02hn-a-original-imafrcpjyscxm8fv.jpeg?q=70&crop=false', 'https://rukminim2.flixcart.com/image/416/416/k9loccw0/mobile/p/z/q/apple-iphone-se-mxd02hn-a-original-imafrcpjfehbbqgb.jpeg?q=70&crop=false', 'https://rukminim2.flixcart.com/image/416/416/k9loccw0/mobile/p/z/q/apple-iphone-se-mxd02hn-a-original-imafrcpjgcphy69z.jpeg?q=70&crop=false', 'https://rukminim2.flixcart.com/image/416/416/kmp7ngw0/mobile/x/e/b/iphone-se-mhgp3hn-a-apple-original-imagfj4cqstgepcp.jpeg?q=70&crop=false', 'https://rukminim2.flixcart.com/image/416/416/k9loccw0/mobile/p/z/q/apple-iphone-se-mxd02hn-a-original-imafrcpjdkt4ef7w.jpeg?q=70&crop=false', 'https://rukminim2.flixcart.com/image/416/416/k9loccw0/mobile/p/z/q/apple-iphone-se-mxd02hn-a-original-imafrcpjvegg9wqa.jpeg?q=70&crop=false', 'https://rukminim2.flixcart.com/image/416/416/k9loccw0/mobile/p/z/q/apple-iphone-se-mxd02hn-a-original-imafrcpjzhpkwuxp.jpeg?q=70&crop=false', 'https://rukminim2.flixcart.com/image/416/416/k9loccw0/mobile/p/z/q/apple-iphone-se-mxd02hn-a-original-imafrcpjf9fhfcjt.jpeg?q=70&crop=false', 'https://rukminim2.flixcart.com/image/416/416/k9loccw0/mobile/p/z/q/apple-iphone-se-mxd02hn-a-original-imafrcpj393yex36.jpeg?q=70&crop=false']",,,,,,,,,,,,,,,,,,,,,,,,,,,,,,,,,,,,,,,,,,,,,,,,,,,,,,,,,,,,,,,,,
4,phone,https://www.flipkart.com/apple-iphone-se-white-256-gb/p/itma00a19e11c81b?pid=MOBFWQ6BTYMFH3DT&lid=LSTMOBFWQ6BTYMFH3DTUDX1LL&marketplace=FLIPKART&store=tyy%2F4io&srno=b_1_7&otracker=nmenu_sub_Electronics_0_iPhone%20SE&fm=organic&iid=c9843e80-d8d0-4bca-a452-cf8c2993dfd3.MOBFWQ6BTYMFH3DT.SEARCH&ppt=None&ppn=None&ssid=mmtlymoh5s0000001739454891596,"Apple iPhone SE (White, 256 GB)","₹54,900","₹2,199",NA,"['https://rukminim2.flixcart.com/image/416/416/k9loccw0/mobile/6/b/z/apple-iphone-se-mxd12hn-a-original-imafrcqf9nze6evk.jpeg?q=70&crop=false', 'https://rukminim2.flixcart.com/image/416/416/k9loccw0/mobile/6/b/z/apple-iphone-se-mxd12hn-a-original-imafrcqf9nze6evk.jpeg?q=70&crop=false', 'https://rukminim2.flixcart.com/image/416/416/k9loccw0/mobile/6/b/z/apple-iphone-se-mxd12hn-a-original-imafrcqfsuzwa3dz.jpeg?q=70&crop=false', 'https://rukminim2.flixcart.com/image/416/416/k9loccw0/mobile/6/b/z/apple-iphone-se-mxd12hn-a-original-imafrcqfftzjrwbr.jpeg?q=70&crop=false', 'https://rukminim2.flixcart.com/image/416/416/kmp7ngw0/mobile/w/v/a/iphone-se-mhgx3hn-a-apple-original-imagfj4ctg2nbj3k.jpeg?q=70&crop=false', 'https://rukminim2.flixcart.com/image/416/416/k9loccw0/mobile/6/b/z/apple-iphone-se-mxd12hn-a-original-imafrcqftzs6tybk.jpeg?q=70&crop=false', 'https://rukminim2.flixcart.com/image/416/416/k9loccw0/mobile/6/b/z/apple-iphone-se-mxd12hn-a-original-imafrcqfuchr38jz.jpeg?q=70&crop=false', 'https://rukminim2.flixcart.com/image/416/416/k9loccw0/mobile/6/b/z/apple-iphone-se-mxd12hn-a-original-imafrcqftfcfzxbf.jpeg?q=70&crop=false', 'https://rukminim2.flixcart.com/image/416/416/k9loccw0/mobile/6/b/z/apple-iphone-se-mxd12hn-a-original-imafrcqfwxpk3czr.jpeg?q=70&crop=false', 'https://rukminim2.flixcart.com/image/416/416/k9loccw0/mobile/6/b/z/apple-iphone-se-mxd12hn-a-original-imafrcqfdhrrbsmq.jpeg?q=70&crop=false']",,,,,,,,,,,,,,,,,,,,,,,,,,,,,,,,,,,,,,,,,,,,,,,,,,,,,,,,,,,,,,,,,
4,phone,https://www.flipkart.com/apple-iphone-se-black-64-gb-includes-earpods-power-adapter/p/itma9285ccc6af28?pid=MOBFRFXHCKWDAC4A&lid=LSTMOBFRFXHCKWDAC4AZ243PE&marketplace=FLIPKART&store=tyy%2F4io&srno=b_1_8&otracker=nmenu_sub_Electronics_0_iPhone%20SE&fm=organic&iid=c9843e80-d8d0-4bca-a452-cf8c2993dfd3.MOBFRFXHCKWDAC4A.SEARCH&ppt=None&ppn=None&ssid=mmtlymoh5s0000001739454891596,"Apple iPhone SE (Black, 64 GB) (Includes EarPods, Power Adapter)","₹39,900","₹1,499","iPhone SE is the most powerful 11.94-cm (4.7) iPhone ever. It features the incredibly-fast A13 Bionic for incredible performance in apps, games, and photography, Portrait mode for studio-quality portraits and six lighting effects, Next-generation Smart HDR for incredible detail across highlights and shadows, Cinematic-quality 4K video, and all the advanced features of iOS. With long battery life and water resistance, it’s so much of the iPhone you love, in a not-so-big size.","['https://rukminim2.flixcart.com/image/416/416/k9loccw0/mobile/p/z/q/apple-iphone-se-mxd02hn-a-original-imafrcpjyscxm8fv.jpeg?q=70&crop=false', 'https://rukminim2.flixcart.com/image/416/416/k9loccw0/mobile/p/z/q/apple-iphone-se-mxd02hn-a-original-imafrcpjyscxm8fv.jpeg?q=70&crop=false', 'https://rukminim2.flixcart.com/image/416/416/k9loccw0/mobile/p/z/q/apple-iphone-se-mxd02hn-a-original-imafrcpjfehbbqgb.jpeg?q=70&crop=false', 'https://rukminim2.flixcart.com/image/416/416/k9loccw0/mobile/p/z/q/apple-iphone-se-mxd02hn-a-original-imafrcpjgcphy69z.jpeg?q=70&crop=false', 'https://rukminim2.flixcart.com/image/416/416/k9loccw0/mobile/p/z/q/apple-iphone-se-mxd02hn-a-original-imafrcpjdkt4ef7w.jpeg?q=70&crop=false', 'https://rukminim2.flixcart.com/image/416/416/k9loccw0/mobile/p/z/q/apple-iphone-se-mxd02hn-a-original-imafrcpjvegg9wqa.jpeg?q=70&crop=false', 'https://rukminim2.flixcart.com/image/416/416/k9loccw0/mobile/p/z/q/apple-iphone-se-mxd02hn-a-original-imafrcpjsnr2n9uz.jpeg?q=70&crop=false', 'https://rukminim2.flixcart.com/image/416/416/k9loccw0/mobile/p/z/q/apple-iphone-se-mxd02hn-a-original-imafrcpjpdstz4u3.jpeg?q=70&crop=false', 'https://rukminim2.flixcart.com/image/416/416/k9loccw0/mobile/p/z/q/apple-iphone-se-mxd02hn-a-original-imafrcpjzhpkwuxp.jpeg?q=70&crop=false', 'https://rukminim2.flixcart.com/image/416/416/k9loccw0/mobile/p/z/q/apple-iphone-se-mxd02hn-a-original-imafrcpjf9fhfcjt.jpeg?q=70&crop=false', 'https://rukminim2.flixcart.com/image/416/416/k9loccw0/mobile/p/z/q/apple-iphone-se-mxd02hn-a-original-imafrcpj393yex36.jpeg?q=70&crop=false']","iPhone, EarPods with Lightning Connector, Lightning to USB Cable, USB Power Adapter, Documentation",MX9R2HN/A,iPhone SE,Black,Smartphones,Dual Sim,No,Yes,No,Yes,Built-in Stereo Speaker,11.94 cm (4.7 inch),1334 x 750 Pixels,Retina HD Display,Retina HD Display,"Widescreen HD LCD Retina Multi-touch IPS Display (1400:1 Contrast Ratio (Typical), True Tone Display, Wide Color Display (P3), Haptic Touch, 625 nits Max Brightness (Typical), Fingerprint-resistant Oleophobic Coating, Display Zoom, Reachability)",iOS 13,Apple,A13 Bionic Chip with 3rd Gen Neural Engine,64 GB,Yes,12MP Rear Camera,"12MP Wide Camera, F/1.8 Aperture, Portrait Mode with Advanced Bokeh and Depth Control, Portrait Lighting with Six Effects (Natural, Studio, Contour, Stage, Stage Mono, High-Key Mono), Optical Image Stabilisation, Six‑element Lens, Panorama (Upto 63 MP), Sapphire Crystal Lens Cover, Autofocus with Focus Pixels, Wide Color Capture for Photos and Live Photos, Next-generation Smart HDR for Photos, Advanced Red-eye Correction, Auto Image Stabilisation, Burst Mode, Photo Geotagging, Image Formats Captured: HEIF and JPEG | Video: 4K Video Recording Upto 60 fps, 1080p HD Video Recording Upto 60fps, 720p HD Video Recording at 30 fps, Extended Dynamic Range for Video Upto 30 fps, Optical Image Stabilisation for Video, QuickTake Video, Slow-motion Video Support for 1080p Upto 240 fps, Time-lapse Video with Stabilisation, Cinematic Video Stabilisation (4K,1080p and 720p), Continuous Autofocus Video, Take 8 MP Still Photos while Recording 4K Video, Playback Zoom, Video Formats Recorded: HEVC and H.264, Stereo Recording",Yes,7MP Front Camera,"7 MP Camera, F/2.2 Aperture, Portrait Mode with Advanced Bokeh and Depth Control, Portrait Lighting with Six Effects (Natural, Studio, Contour, Stage, Stage Mono, High-Key Mono), 1080p HD Video Recording at 30 fps, QuickTake Video, Wide Color Capture for Photos and Live Photos, Auto HDR for Photos, Auto Image Stabilisation, Burst Mode, Cinematic Video Stabilisation (1080p and 720p)",Rear: LED True Tone Flash with Slow Sync | Front: Retina Flash,Yes,Yes,Yes,"4K, 1080p, 720p","Photo: Digital Zoom Upto 5x, Video: Digital Zoom Upto 3x",Yes,"4G VOLTE, 4G, 3G, 2G","4G VoLTE, 4G LTE, WCDMA, GSM","4G, 3G, Wi-Fi, EDGE",Safari,Yes,v5.0,Yes,802.11ax (Wi-Fi 6 with 2x2 MIMO),Yes,Yes,Yes,Maps,Yes,Yes,Nano + eSIM,Yes,No,Yes,326 PPI,"Touch ID Fingerprint Sensor, Barometer, Three-axis gyro, Accelerometer, Proximity Sensor, Ambient Light Sensor",iPhone SE,"Splash, Water and Dust Resistant (IP67 Rated (Maximum Depth of 1 metre Upto 30 mins) Under IEC Standard 60529), Fingerprint Sensor Built into the Home Hutton, Digital Compass, iBeacon Micro-location, Video Calling (FaceTime Video Calling Over Wi-Fi or Mobile Data), Audio Calling (FaceTime Audio Calling Over Wi-Fi or Mobile Data, Voice over LTE (VoLTE), Wi-Fi Calling), Fast Charge Capable (Upto 50% Charge in 30 mins with 18 W Adapter or Higher), Wireless Charging (Works with Qi Chargers), Accessibility: Voice Control, VoiceOver, Zoom, Magnifier, RTT and TTY Support, Siri and Dictation, Type to Siri, Switch Control, Closed Captions, AssistiveTouch, Speak Screen, Rating for Hearing Aids: M3, T4","A-GPS, GLONASS","AAC-LC, HE-AAC, HE-AAC v2, Protected AAC, MP3, Linear PCM, Apple Lossless, FLAC, Dolby Digital (AC-3), Dolby Digital Plus (E-AC-3) and Audible (Formats 2, 3, 4, Audible Enhanced Audio, AAX and AAX+)","HEVC, H.264, MPEG-4 Part 2 and Motion JPEG",67.3 mm,138.4 mm,7.3 mm,148 g,1 year warranty for phone and 1 year warranty for in Box Accessories.,NA,1 Year
4,phone,https://www.flipkart.com/apple-iphone-se-white-128-gb-includes-earpods-power-adapter/p/itma00a19e11c81b?pid=MOBFRFXHHGF4P6BZ&lid=LSTMOBFRFXHHGF4P6BZNDIG9E&marketplace=FLIPKART&store=tyy%2F4io&srno=b_1_9&otracker=nmenu_sub_Electronics_0_iPhone%20SE&fm=organic&iid=c9843e80-d8d0-4bca-a452-cf8c2993dfd3.MOBFRFXHHGF4P6BZ.SEARCH&ppt=None&ppn=None&ssid=mmtlymoh5s0000001739454891596,"Apple iPhone SE (White, 128 GB) (Includes EarPods, Power Adapter)","₹44,900","₹1,799","iPhone SE is the most powerful 11.94-cm (4.7) iPhone ever. It features the incredibly-fast A13 Bionic for incredible performance in apps, games, and photography, Portrait mode for studio-quality portraits and six lighting effects, Next-generation Smart HDR for incredible detail across highlights and shadows, Cinematic-quality 4K video, and all the advanced features of iOS. With long battery life and water resistance, it’s so much of the iPhone you love, in a not-so-big size.","['https://rukminim2.flixcart.com/image/416/416/k9loccw0/mobile/6/b/z/apple-iphone-se-mxd12hn-a-original-imafrcqf9nze6evk.jpeg?q=70&crop=false', 'https://rukminim2.flixcart.com/image/416/416/k9loccw0/mobile/6/b/z/apple-iphone-se-mxd12hn-a-original-imafrcqf9nze6evk.jpeg?q=70&crop=false', 'https://rukminim2.flixcart.com/image/416/416/k9loccw0/mobile/6/b/z/apple-iphone-se-mxd12hn-a-original-imafrcqfsuzwa3dz.jpeg?q=70&crop=false', 'https://rukminim2.flixcart.com/image/416/416/k9loccw0/mobile/6/b/z/apple-iphone-se-mxd12hn-a-original-imafrcqfftzjrwbr.jpeg?q=70&crop=false', 'https://rukminim2.flixcart.com/image/416/416/k9loccw0/mobile/6/b/z/apple-iphone-se-mxd12hn-a-original-imafrcqftzs6tybk.jpeg?q=70&crop=false', 'https://rukminim2.flixcart.com/image/416/416/k9loccw0/mobile/6/b/z/apple-iphone-se-mxd12hn-a-original-imafrcqfuchr38jz.jpeg?q=70&crop=false', 'https://rukminim2.flixcart.com/image/416/416/k9loccw0/mobile/p/z/q/apple-iphone-se-mxd02hn-a-original-imafrcpjsnr2n9uz.jpeg?q=70&crop=false', 'https://rukminim2.flixcart.com/image/416/416/k9loccw0/mobile/6/b/z/apple-iphone-se-mxd12hn-a-original-imafrcqfbabmc4yn.jpeg?q=70&crop=false', 'https://rukminim2.flixcart.com/image/416/416/k9loccw0/mobile/6/b/z/apple-iphone-se-mxd12hn-a-original-imafrcqftfcfzxbf.jpeg?q=70&crop=false', 'https://rukminim2.flixcart.com/image/416/416/k9loccw0/mobile/6/b/z/apple-iphone-se-mxd12hn-a-original-imafrcqfwxpk3czr.jpeg?q=70&crop=false', 'https://rukminim2.flixcart.com/image/416/416/k9loccw0/mobile/6/b/z/apple-iphone-se-mxd12hn-a-original-imafrcqfdhrrbsmq.jpeg?q=70&crop=false']","iPhone, EarPods with Lightning Connector, Lightning to USB Cable, USB Power Adapter, Documentation",MXD12HN/A,iPhone SE,White,Smartphones,Dual Sim,No,Yes,No,Yes,Built-in Stereo Speaker,11.94 cm (4.7 inch),1334 x 750 Pixels,Retina HD Display,Retina HD Display,"Widescreen HD LCD Retina Multi-touch IPS Display (1400:1 Contrast Ratio (Typical), True Tone Display, Wide Color Display (P3), Haptic Touch, 625 nits Max Brightness (Typical), Fingerprint-resistant Oleophobic Coating, Display Zoom, Reachability)",iOS 13,Apple,A13 Bionic Chip with 3rd Gen Neural Engine,128 GB,Yes,12MP Rear Camera,"12MP Wide Camera, F/1.8 Aperture, Portrait Mode with Advanced Bokeh and Depth Control, Portrait Lighting with Six Effects (Natural, Studio, Contour, Stage, Stage Mono, High-Key Mono), Optical Image Stabilisation, Six‑element Lens, Panorama (Upto 63 MP), Sapphire Crystal Lens Cover, Autofocus with Focus Pixels, Wide Color Capture for Photos and Live Photos, Next-generation Smart HDR for Photos, Advanced Red-eye Correction, Auto Image Stabilisation, Burst Mode, Photo Geotagging, Image Formats Captured: HEIF and JPEG | Video: 4K Video Recording Upto 60 fps, 1080p HD Video Recording Upto 60fps, 720p HD Video Recording at 30 fps, Extended Dynamic Range for Video Upto 30 fps, Optical Image Stabilisation for Video, QuickTake Video, Slow-motion Video Support for 1080p Upto 240 fps, Time-lapse Video with Stabilisation, Cinematic Video Stabilisation (4K,1080p and 720p), Continuous Autofocus Video, Take 8 MP Still Photos while Recording 4K Video, Playback Zoom, Video Formats Recorded: HEVC and H.264, Stereo Recording",Yes,7MP Front Camera,"7 MP Camera, F/2.2 Aperture, Portrait Mode with Advanced Bokeh and Depth Control, Portrait Lighting with Six Effects (Natural, Studio, Contour, Stage, Stage Mono, High-Key Mono), 1080p HD Video Recording at 30 fps, QuickTake Video, Wide Color Capture for Photos and Live Photos, Auto HDR for Photos, Auto Image Stabilisation, Burst Mode, Cinematic Video Stabilisation (1080p and 720p)",Rear: LED True Tone Flash with Slow Sync | Front: Retina Flash,Yes,Yes,Yes,"4K, 1080p, 720p","Photo: Digital Zoom Upto 5x, Video: Digital Zoom Upto 3x",Yes,"4G VOLTE, 4G, 3G, 2G","4G VoLTE, 4G LTE, WCDMA, GSM","4G, 3G, Wi-Fi, EDGE",Safari,Yes,v5.0,Yes,802.11ax (Wi-Fi 6 with 2x2 MIMO),Yes,Yes,Yes,Maps,Yes,Yes,Nano + eSIM,Yes,No,Yes,326 PPI,"Touch ID Fingerprint Sensor, Barometer, Three-axis gyro, Accelerometer, Proximity Sensor, Ambient Light Sensor",iPhone SE,"Splash, Water and Dust Resistant (IP67 Rated (Maximum Depth of 1 metre Upto 30 mins) Under IEC Standard 60529), Fingerprint Sensor Built into the Home Hutton, Digital Compass, iBeacon Micro-location, Video Calling (FaceTime Video Calling Over Wi-Fi or Mobile Data), Audio Calling (FaceTime Audio Calling Over Wi-Fi or Mobile Data, Voice over LTE (VoLTE), Wi-Fi Calling), Fast Charge Capable (Upto 50% Charge in 30 mins with 18 W Adapter or Higher), Wireless Charging (Works with Qi Chargers), Accessibility: Voice Control, VoiceOver, Zoom, Magnifier, RTT and TTY Support, Siri and Dictation, Type to Siri, Switch Control, Closed Captions, AssistiveTouch, Speak Screen, Rating for Hearing Aids: M3, T4","A-GPS, GLONASS","AAC-LC, HE-AAC, HE-AAC v2, Protected AAC, MP3, Linear PCM, Apple Lossless, FLAC, Dolby Digital (AC-3), Dolby Digital Plus (E-AC-3) and Audible (Formats 2, 3, 4, Audible Enhanced Audio, AAX and AAX+)","HEVC, H.264, MPEG-4 Part 2 and Motion JPEG",67.3 mm,138.4 mm,7.3 mm,148 g,1 year warranty for phone and 1 year warranty for in Box Accessories.,NA,1 Year
4,phone,https://www.flipkart.com/apple-iphone-se-red-256-gb-includes-earpods-power-adapter/p/itma4202509da171?pid=MOBFRFXHJURGR68G&lid=LSTMOBFRFXHJURGR68GLJ5X3D&marketplace=FLIPKART&store=tyy%2F4io&srno=b_1_10&otracker=nmenu_sub_Electronics_0_iPhone%20SE&fm=organic&iid=c9843e80-d8d0-4bca-a452-cf8c2993dfd3.MOBFRFXHJURGR68G.SEARCH&ppt=None&ppn=None&ssid=mmtlymoh5s0000001739454891596,"Apple iPhone SE (Red, 256 GB) (Includes EarPods, Power Adapter)","₹54,900",,"iPhone SE is the most powerful 11.94-cm (4.7) iPhone ever. It features the incredibly-fast A13 Bionic for incredible performance in apps, games, and photography, Portrait mode for studio-quality portraits and six lighting effects, Next-generation Smart HDR for incredible detail across highlights and shadows, Cinematic-quality 4K video, and all the advanced features of iOS. With long battery life and water resistance, it’s so much of the iPhone you love, in a not-so-big size.","['https://rukminim2.flixcart.com/image/416/416/k9loccw0/mobile/6/8/g/apple-iphone-se-mxvv2hn-a-original-imafrcqmfh4zznmq.jpeg?q=70&crop=false', 'https://rukminim2.flixcart.com/image/416/416/k9loccw0/mobile/6/8/g/apple-iphone-se-mxvv2hn-a-original-imafrcqmfh4zznmq.jpeg?q=70&crop=false', 'https://rukminim2.flixcart.com/image/416/416/k9loccw0/mobile/6/8/g/apple-iphone-se-mxvv2hn-a-original-imafrcqmfxhcrpsb.jpeg?q=70&crop=false', 'https://rukminim2.flixcart.com/image/416/416/k9loccw0/mobile/6/8/g/apple-iphone-se-mxvv2hn-a-original-imafrcqmzzajg3zg.jpeg?q=70&crop=false', 'https://rukminim2.flixcart.com/image/416/416/k9loccw0/mobile/6/8/g/apple-iphone-se-mxvv2hn-a-original-imafrcqmh5hgugse.jpeg?q=70&crop=false', 'https://rukminim2.flixcart.com/image/416/416/k9loccw0/mobile/6/8/g/apple-iphone-se-mxvv2hn-a-original-imafrcqmyhg8h82e.jpeg?q=70&crop=false', 'https://rukminim2.flixcart.com/image/416/416/k9loccw0/mobile/p/z/q/apple-iphone-se-mxd02hn-a-original-imafrcpjsnr2n9uz.jpeg?q=70&crop=false', 'https://rukminim2.flixcart.com/image/416/416/k9loccw0/mobile/6/8/g/apple-iphone-se-mxvv2hn-a-original-imafrcqmphrvysm9.jpeg?q=70&crop=false', 'https://rukminim2.flixcart.com/image/416/416/k9loccw0/mobile/6/8/g/apple-iphone-se-mxvv2hn-a-original-imafrcqmn2873425.jpeg?q=70&crop=false', 'https://rukminim2.flixcart.com/image/416/416/k9loccw0/mobile/6/8/g/apple-iphone-se-mxvv2hn-a-original-imafrcqmhkqzv7xx.jpeg?q=70&crop=false', 'https://rukminim2.flixcart.com/image/416/416/k9loccw0/mobile/6/8/g/apple-iphone-se-mxvv2hn-a-original-imafrcqmqesyfhhy.jpeg?q=70&crop=false']","iPhone, EarPods with Lightning Connector, Lightning to USB Cable, USB Power Adapter, Documentation",MXVV2HN/A,iPhone SE,Red,Smartphones,Dual Sim,No,Yes,No,Yes,Built-in Stereo Speaker,11.94 cm (4.7 inch),1334 x 750 Pixels,Retina HD Display,Retina HD Display,"Widescreen HD LCD Retina Multi-touch IPS Display (1400:1 Contrast Ratio (Typical), True Tone Display, Wide Color Display (P3), Haptic Touch, 625 nits Max Brightness (Typical), Fingerprint-resistant Oleophobic Coating, Display Zoom, Reachability)",iOS 13,Apple,A13 Bionic Chip with 3rd Gen Neural Engine,256 GB,Yes,12MP Rear Camera,"12MP Wide Camera, F/1.8 Aperture, Portrait Mode with Advanced Bokeh and Depth Control, Portrait Lighting with Six Effects (Natural, Studio, Contour, Stage, Stage Mono, High-Key Mono), Optical Image Stabilisation, Six‑element Lens, Panorama (Upto 63 MP), Sapphire Crystal Lens Cover, Autofocus with Focus Pixels, Wide Color Capture for Photos and Live Photos, Next-generation Smart HDR for Photos, Advanced Red-eye Correction, Auto Image Stabilisation, Burst Mode, Photo Geotagging, Image Formats Captured: HEIF and JPEG | Video: 4K Video Recording Upto 60 fps, 1080p HD Video Recording Upto 60fps, 720p HD Video Recording at 30 fps, Extended Dynamic Range for Video Upto 30 fps, Optical Image Stabilisation for Video, QuickTake Video, Slow-motion Video Support for 1080p Upto 240 fps, Time-lapse Video with Stabilisation, Cinematic Video Stabilisation (4K,1080p and 720p), Continuous Autofocus Video, Take 8 MP Still Photos while Recording 4K Video, Playback Zoom, Video Formats Recorded: HEVC and H.264, Stereo Recording",Yes,7MP Front Camera,"7 MP Camera, F/2.2 Aperture, Portrait Mode with Advanced Bokeh and Depth Control, Portrait Lighting with Six Effects (Natural, Studio, Contour, Stage, Stage Mono, High-Key Mono), 1080p HD Video Recording at 30 fps, QuickTake Video, Wide Color Capture for Photos and Live Photos, Auto HDR for Photos, Auto Image Stabilisation, Burst Mode, Cinematic Video Stabilisation (1080p and 720p)",Rear: LED True Tone Flash with Slow Sync | Front: Retina Flash,Yes,Yes,Yes,"4K, 1080p, 720p","Photo: Digital Zoom Upto 5x, Video: Digital Zoom Upto 3x",Yes,"4G VOLTE, 4G, 3G, 2G","4G VoLTE, 4G LTE, WCDMA, GSM","4G, 3G, Wi-Fi, EDGE",Safari,Yes,v5.0,Yes,802.11ax (Wi-Fi 6 with 2x2 MIMO),Yes,Yes,Yes,Maps,Yes,Yes,Nano + eSIM,Yes,No,Yes,326 PPI,"Touch ID Fingerprint Sensor, Barometer, Three-axis gyro, Accelerometer, Proximity Sensor, Ambient Light Sensor",iPhone SE,"Splash, Water and Dust Resistant (IP67 Rated (Maximum Depth of 1 metre Upto 30 mins) Under IEC Standard 60529), Fingerprint Sensor Built into the Home Hutton, Digital Compass, iBeacon Micro-location, Video Calling (FaceTime Video Calling Over Wi-Fi or Mobile Data), Audio Calling (FaceTime Audio Calling Over Wi-Fi or Mobile Data, Voice over LTE (VoLTE), Wi-Fi Calling), Fast Charge Capable (Upto 50% Charge in 30 mins with 18 W Adapter or Higher), Wireless Charging (Works with Qi Chargers), Accessibility: Voice Control, VoiceOver, Zoom, Magnifier, RTT and TTY Support, Siri and Dictation, Type to Siri, Switch Control, Closed Captions, AssistiveTouch, Speak Screen, Rating for Hearing Aids: M3, T4","A-GPS, GLONASS","AAC-LC, HE-AAC, HE-AAC v2, Protected AAC, MP3, Linear PCM, Apple Lossless, FLAC, Dolby Digital (AC-3), Dolby Digital Plus (E-AC-3) and Audible (Formats 2, 3, 4, Audible Enhanced Audio, AAX and AAX+)","HEVC, H.264, MPEG-4 Part 2 and Motion JPEG",67.3 mm,138.4 mm,7.3 mm,148 g,Brand Warranty for 1 Year,NA,1 Year
4,phone,https://www.flipkart.com/apple-iphone-se-black-256-gb-includes-earpods-power-adapter/p/itma9285ccc6af28?pid=MOBFRFXHKRKWJQUS&lid=LSTMOBFRFXHKRKWJQUSWMIZOR&marketplace=FLIPKART&store=tyy%2F4io&srno=b_1_11&otracker=nmenu_sub_Electronics_0_iPhone%20SE&fm=organic&iid=c9843e80-d8d0-4bca-a452-cf8c2993dfd3.MOBFRFXHKRKWJQUS.SEARCH&ppt=None&ppn=None&ssid=mmtlymoh5s0000001739454891596,"Apple iPhone SE (Black, 256 GB) (Includes EarPods, Power Adapter)","₹54,900",,"iPhone SE is the most powerful 11.94-cm (4.7) iPhone ever. It features the incredibly-fast A13 Bionic for incredible performance in apps, games, and photography, Portrait mode for studio-quality portraits and six lighting effects, Next-generation Smart HDR for incredible detail across highlights and shadows, Cinematic-quality 4K video, and all the advanced features of iOS. With long battery life and water resistance, it’s so much of the iPhone you love, in a not-so-big size.","['https://rukminim2.flixcart.com/image/416/416/k9loccw0/mobile/p/z/q/apple-iphone-se-mxd02hn-a-original-imafrcpjyscxm8fv.jpeg?q=70&crop=false', 'https://rukminim2.flixcart.com/image/416/416/k9loccw0/mobile/p/z/q/apple-iphone-se-mxd02hn-a-original-imafrcpjyscxm8fv.jpeg?q=70&crop=false', 'https://rukminim2.flixcart.com/image/416/416/k9loccw0/mobile/p/z/q/apple-iphone-se-mxd02hn-a-original-imafrcpjfehbbqgb.jpeg?q=70&crop=false', 'https://rukminim2.flixcart.com/image/416/416/k9loccw0/mobile/p/z/q/apple-iphone-se-mxd02hn-a-original-imafrcpjgcphy69z.jpeg?q=70&crop=false', 'https://rukminim2.flixcart.com/image/416/416/k9loccw0/mobile/p/z/q/apple-iphone-se-mxd02hn-a-original-imafrcpjdkt4ef7w.jpeg?q=70&crop=false', 'https://rukminim2.flixcart.com/image/416/416/k9loccw0/mobile/p/z/q/apple-iphone-se-mxd02hn-a-original-imafrcpjvegg9wqa.jpeg?q=70&crop=false', 'https://rukminim2.flixcart.com/image/416/416/k9loccw0/mobile/p/z/q/apple-iphone-se-mxd02hn-a-original-imafrcpjsnr2n9uz.jpeg?q=70&crop=false', 'https://rukminim2.flixcart.com/image/416/416/k9loccw0/mobile/p/z/q/apple-iphone-se-mxd02hn-a-original-imafrcpjpdstz4u3.jpeg?q=70&crop=false', 'https://rukminim2.flixcart.com/image/416/416/k9loccw0/mobile/p/z/q/apple-iphone-se-mxd02hn-a-original-imafrcpjzhpkwuxp.jpeg?q=70&crop=false', 'https://rukminim2.flixcart.com/image/416/416/k9loccw0/mobile/p/z/q/apple-iphone-se-mxd02hn-a-original-imafrcpjf9fhfcjt.jpeg?q=70&crop=false', 'https://rukminim2.flixcart.com/image/416/416/k9loccw0/mobile/p/z/q/apple-iphone-se-mxd02hn-a-original-imafrcpj393yex36.jpeg?q=70&crop=false']","iPhone, EarPods with Lightning Connector, Lightning to USB Cable, USB Power Adapter, Documentation",MXVT2HN/A,iPhone SE,Black,Smartphones,Dual Sim,No,Yes,No,Yes,Built-in Stereo Speaker,11.94 cm (4.7 inch),1334 x 750 Pixels,Retina HD Display,Retina HD Display,"Widescreen HD LCD Retina Multi-touch IPS Display (1400:1 Contrast Ratio (Typical), True Tone Display, Wide Color Display (P3), Haptic Touch, 625 nits Max Brightness (Typical), Fingerprint-resistant Oleophobic Coating, Display Zoom, Reachability)",iOS 13,Apple,A13 Bionic Chip with 3rd Gen Neural Engine,256 GB,Yes,12MP Rear Camera,"12MP Wide Camera, F/1.8 Aperture, Portrait Mode with Advanced Bokeh and Depth Control, Portrait Lighting with Six Effects (Natural, Studio, Contour, Stage, Stage Mono, High-Key Mono), Optical Image Stabilisation, Six‑element Lens, Panorama (Upto 63 MP), Sapphire Crystal Lens Cover, Autofocus with Focus Pixels, Wide Color Capture for Photos and Live Photos, Next-generation Smart HDR for Photos, Advanced Red-eye Correction, Auto Image Stabilisation, Burst Mode, Photo Geotagging, Image Formats Captured: HEIF and JPEG | Video: 4K Video Recording Upto 60 fps, 1080p HD Video Recording Upto 60fps, 720p HD Video Recording at 30 fps, Extended Dynamic Range for Video Upto 30 fps, Optical Image Stabilisation for Video, QuickTake Video, Slow-motion Video Support for 1080p Upto 240 fps, Time-lapse Video with Stabilisation, Cinematic Video Stabilisation (4K,1080p and 720p), Continuous Autofocus Video, Take 8 MP Still Photos while Recording 4K Video, Playback Zoom, Video Formats Recorded: HEVC and H.264, Stereo Recording",Yes,7MP Front Camera,"7 MP Camera, F/2.2 Aperture, Portrait Mode with Advanced Bokeh and Depth Control, Portrait Lighting with Six Effects (Natural, Studio, Contour, Stage, Stage Mono, High-Key Mono), 1080p HD Video Recording at 30 fps, QuickTake Video, Wide Color Capture for Photos and Live Photos, Auto HDR for Photos, Auto Image Stabilisation, Burst Mode, Cinematic Video Stabilisation (1080p and 720p)",Rear: LED True Tone Flash with Slow Sync | Front: Retina Flash,Yes,Yes,Yes,"4K, 1080p, 720p","Photo: Digital Zoom Upto 5x, Video: Digital Zoom Upto 3x",Yes,"4G VOLTE, 4G, 3G, 2G","4G VoLTE, 4G LTE, WCDMA, GSM","4G, 3G, Wi-Fi, EDGE",Safari,Yes,v5.0,Yes,802.11ax (Wi-Fi 6 with 2x2 MIMO),Yes,Yes,Yes,Maps,Yes,Yes,Nano + eSIM,Yes,No,Yes,326 PPI,"Touch ID Fingerprint Sensor, Barometer, Three-axis gyro, Accelerometer, Proximity Sensor, Ambient Light Sensor",iPhone SE,"Splash, Water and Dust Resistant (IP67 Rated (Maximum Depth of 1 metre Upto 30 mins) Under IEC Standard 60529), Fingerprint Sensor Built into the Home Hutton, Digital Compass, iBeacon Micro-location, Video Calling (FaceTime Video Calling Over Wi-Fi or Mobile Data), Audio Calling (FaceTime Audio Calling Over Wi-Fi or Mobile Data, Voice over LTE (VoLTE), Wi-Fi Calling), Fast Charge Capable (Upto 50% Charge in 30 mins with 18 W Adapter or Higher), Wireless Charging (Works with Qi Chargers), Accessibility: Voice Control, VoiceOver, Zoom, Magnifier, RTT and TTY Support, Siri and Dictation, Type to Siri, Switch Control, Closed Captions, AssistiveTouch, Speak Screen, Rating for Hearing Aids: M3, T4","A-GPS, GLONASS","AAC-LC, HE-AAC, HE-AAC v2, Protected AAC, MP3, Linear PCM, Apple Lossless, FLAC, Dolby Digital (AC-3), Dolby Digital Plus (E-AC-3) and Audible (Formats 2, 3, 4, Audible Enhanced Audio, AAX and AAX+)","HEVC, H.264, MPEG-4 Part 2 and Motion JPEG",67.3 mm,138.4 mm,7.3 mm,148 g,1 year warranty for phone and 1 year warranty for in Box Accessories.,NA,1 Year
4,phone,https://www.flipkart.com/apple-iphone-se-red-128-gb-includes-earpods-power-adapter/p/itma4202509da171?pid=MOBFRFXHNB5ED82D&lid=LSTMOBFRFXHNB5ED82DP6ZOLW&marketplace=FLIPKART&store=tyy%2F4io&srno=b_1_12&otracker=nmenu_sub_Electronics_0_iPhone%20SE&fm=organic&iid=c9843e80-d8d0-4bca-a452-cf8c2993dfd3.MOBFRFXHNB5ED82D.SEARCH&ppt=None&ppn=None&ssid=mmtlymoh5s0000001739454891596,"Apple iPhone SE (Red, 128 GB) (Includes EarPods, Power Adapter)","₹44,900","₹1,799","iPhone SE is the most powerful 11.94-cm (4.7) iPhone ever. It features the incredibly-fast A13 Bionic for incredible performance in apps, games, and photography, Portrait mode for studio-quality portraits and six lighting effects, Next-generation Smart HDR for incredible detail across highlights and shadows, Cinematic-quality 4K video, and all the advanced features of iOS. With long battery life and water resistance, it’s so much of the iPhone you love, in a not-so-big size.","['https://rukminim2.flixcart.com/image/416/416/k9loccw0/mobile/6/8/g/apple-iphone-se-mxvv2hn-a-original-imafrcqmfh4zznmq.jpeg?q=70&crop=false', 'https://rukminim2.flixcart.com/image/416/416/k9loccw0/mobile/6/8/g/apple-iphone-se-mxvv2hn-a-original-imafrcqmfh4zznmq.jpeg?q=70&crop=false', 'https://rukminim2.flixcart.com/image/416/416/k9loccw0/mobile/6/8/g/apple-iphone-se-mxvv2hn-a-original-imafrcqmfxhcrpsb.jpeg?q=70&crop=false', 'https://rukminim2.flixcart.com/image/416/416/k9loccw0/mobile/6/8/g/apple-iphone-se-mxvv2hn-a-original-imafrcqmzzajg3zg.jpeg?q=70&crop=false', 'https://rukminim2.flixcart.com/image/416/416/k9loccw0/mobile/6/8/g/apple-iphone-se-mxvv2hn-a-original-imafrcqmh5hgugse.jpeg?q=70&crop=false', 'https://rukminim2.flixcart.com/image/416/416/k9loccw0/mobile/6/8/g/apple-iphone-se-mxvv2hn-a-original-imafrcqmyhg8h82e.jpeg?q=70&crop=false', 'https://rukminim2.flixcart.com/image/416/416/k9loccw0/mobile/p/z/q/apple-iphone-se-mxd02hn-a-original-imafrcpjsnr2n9uz.jpeg?q=70&crop=false', 'https://rukminim2.flixcart.com/image/416/416/k9loccw0/mobile/6/8/g/apple-iphone-se-mxvv2hn-a-original-imafrcqmphrvysm9.jpeg?q=70&crop=false', 'https://rukminim2.flixcart.com/image/416/416/k9loccw0/mobile/6/8/g/apple-iphone-se-mxvv2hn-a-original-imafrcqmn2873425.jpeg?q=70&crop=false', 'https://rukminim2.flixcart.com/image/416/416/k9loccw0/mobile/6/8/g/apple-iphone-se-mxvv2hn-a-original-imafrcqmhkqzv7xx.jpeg?q=70&crop=false', 'https://rukminim2.flixcart.com/image/416/416/k9loccw0/mobile/6/8/g/apple-iphone-se-mxvv2hn-a-original-imafrcqmqesyfhhy.jpeg?q=70&crop=false']","iPhone, EarPods with Lightning Connector, Lightning to USB Cable, USB Power Adapter, Documentation",MXD22HN/A,iPhone SE,Red,Smartphones,Dual Sim,No,Yes,No,Yes,Built-in Stereo Speaker,11.94 cm (4.7 inch),1334 x 750 Pixels,Retina HD Display,Retina HD Display,"Widescreen HD LCD Retina Multi-touch IPS Display (1400:1 Contrast Ratio (Typical), True Tone Display, Wide Color Display (P3), Haptic Touch, 625 nits Max Brightness (Typical), Fingerprint-resistant Oleophobic Coating, Display Zoom, Reachability)",iOS 13,Apple,A13 Bionic Chip with 3rd Gen Neural Engine,128 GB,Yes,12MP Rear Camera,"12MP Wide Camera, F/1.8 Aperture, Portrait Mode with Advanced Bokeh and Depth Control, Portrait Lighting with Six Effects (Natural, Studio, Contour, Stage, Stage Mono, High-Key Mono), Optical Image Stabilisation, Six‑element Lens, Panorama (Upto 63 MP), Sapphire Crystal Lens Cover, Autofocus with Focus Pixels, Wide Color Capture for Photos and Live Photos, Next-generation Smart HDR for Photos, Advanced Red-eye Correction, Auto Image Stabilisation, Burst Mode, Photo Geotagging, Image Formats Captured: HEIF and JPEG | Video: 4K Video Recording Upto 60 fps, 1080p HD Video Recording Upto 60fps, 720p HD Video Recording at 30 fps, Extended Dynamic Range for Video Upto 30 fps, Optical Image Stabilisation for Video, QuickTake Video, Slow-motion Video Support for 1080p Upto 240 fps, Time-lapse Video with Stabilisation, Cinematic Video Stabilisation (4K,1080p and 720p), Continuous Autofocus Video, Take 8 MP Still Photos while Recording 4K Video, Playback Zoom, Video Formats Recorded: HEVC and H.264, Stereo Recording",Yes,7MP Front Camera,"7 MP Camera, F/2.2 Aperture, Portrait Mode with Advanced Bokeh and Depth Control, Portrait Lighting with Six Effects (Natural, Studio, Contour, Stage, Stage Mono, High-Key Mono), 1080p HD Video Recording at 30 fps, QuickTake Video, Wide Color Capture for Photos and Live Photos, Auto HDR for Photos, Auto Image Stabilisation, Burst Mode, Cinematic Video Stabilisation (1080p and 720p)",Rear: LED True Tone Flash with Slow Sync | Front: Retina Flash,Yes,Yes,Yes,"4K, 1080p, 720p","Photo: Digital Zoom Upto 5x, Video: Digital Zoom Upto 3x",Yes,"4G VOLTE, 4G, 3G, 2G","4G VoLTE, 4G LTE, WCDMA, GSM","4G, 3G, Wi-Fi, EDGE",Safari,Yes,v5.0,Yes,802.11ax (Wi-Fi 6 with 2x2 MIMO),Yes,Yes,Yes,Maps,Yes,Yes,Nano + eSIM,Yes,No,Yes,326 PPI,"Touch ID Fingerprint Sensor, Barometer, Three-axis gyro, Accelerometer, Proximity Sensor, Ambient Light Sensor",iPhone SE,"Splash, Water and Dust Resistant (IP67 Rated (Maximum Depth of 1 metre Upto 30 mins) Under IEC Standard 60529), Fingerprint Sensor Built into the Home Hutton, Digital Compass, iBeacon Micro-location, Video Calling (FaceTime Video Calling Over Wi-Fi or Mobile Data), Audio Calling (FaceTime Audio Calling Over Wi-Fi or Mobile Data, Voice over LTE (VoLTE), Wi-Fi Calling), Fast Charge Capable (Upto 50% Charge in 30 mins with 18 W Adapter or Higher), Wireless Charging (Works with Qi Chargers), Accessibility: Voice Control, VoiceOver, Zoom, Magnifier, RTT and TTY Support, Siri and Dictation, Type to Siri, Switch Control, Closed Captions, AssistiveTouch, Speak Screen, Rating for Hearing Aids: M3, T4","A-GPS, GLONASS","AAC-LC, HE-AAC, HE-AAC v2, Protected AAC, MP3, Linear PCM, Apple Lossless, FLAC, Dolby Digital (AC-3), Dolby Digital Plus (E-AC-3) and Audible (Formats 2, 3, 4, Audible Enhanced Audio, AAX and AAX+)","HEVC, H.264, MPEG-4 Part 2 and Motion JPEG",67.3 mm,138.4 mm,7.3 mm,148 g,1 year warranty for phone and 1 year warranty for in Box Accessories.,NA,1 Year
4,phone,https://www.flipkart.com/apple-iphone-se-white-256-gb-includes-earpods-power-adapter/p/itma00a19e11c81b?pid=MOBFRFXHPZCHAPEH&lid=LSTMOBFRFXHPZCHAPEHYNDQMA&marketplace=FLIPKART&store=tyy%2F4io&srno=b_1_13&otracker=nmenu_sub_Electronics_0_iPhone%20SE&fm=organic&iid=c9843e80-d8d0-4bca-a452-cf8c2993dfd3.MOBFRFXHPZCHAPEH.SEARCH&ppt=None&ppn=None&ssid=mmtlymoh5s0000001739454891596,"Apple iPhone SE (White, 256 GB) (Includes EarPods, Power Adapter)","₹54,900",,"iPhone SE is the most powerful 11.94-cm (4.7) iPhone ever. It features the incredibly-fast A13 Bionic for incredible performance in apps, games, and photography, Portrait mode for studio-quality portraits and six lighting effects, Next-generation Smart HDR for incredible detail across highlights and shadows, Cinematic-quality 4K video, and all the advanced features of iOS. With long battery life and water resistance, it’s so much of the iPhone you love, in a not-so-big size.","['https://rukminim2.flixcart.com/image/416/416/k9loccw0/mobile/6/b/z/apple-iphone-se-mxd12hn-a-original-imafrcqf9nze6evk.jpeg?q=70&crop=false', 'https://rukminim2.flixcart.com/image/416/416/k9loccw0/mobile/6/b/z/apple-iphone-se-mxd12hn-a-original-imafrcqf9nze6evk.jpeg?q=70&crop=false', 'https://rukminim2.flixcart.com/image/416/416/k9loccw0/mobile/6/b/z/apple-iphone-se-mxd12hn-a-original-imafrcqfsuzwa3dz.jpeg?q=70&crop=false', 'https://rukminim2.flixcart.com/image/416/416/k9loccw0/mobile/6/b/z/apple-iphone-se-mxd12hn-a-original-imafrcqfftzjrwbr.jpeg?q=70&crop=false', 'https://rukminim2.flixcart.com/image/416/416/k9loccw0/mobile/6/b/z/apple-iphone-se-mxd12hn-a-original-imafrcqftzs6tybk.jpeg?q=70&crop=false', 'https://rukminim2.flixcart.com/image/416/416/k9loccw0/mobile/6/b/z/apple-iphone-se-mxd12hn-a-original-imafrcqfuchr38jz.jpeg?q=70&crop=false', 'https://rukminim2.flixcart.com/image/416/416/k9loccw0/mobile/p/z/q/apple-iphone-se-mxd02hn-a-original-imafrcpjsnr2n9uz.jpeg?q=70&crop=false', 'https://rukminim2.flixcart.com/image/416/416/k9loccw0/mobile/6/b/z/apple-iphone-se-mxd12hn-a-original-imafrcqfbabmc4yn.jpeg?q=70&crop=false', 'https://rukminim2.flixcart.com/image/416/416/k9loccw0/mobile/6/b/z/apple-iphone-se-mxd12hn-a-original-imafrcqftfcfzxbf.jpeg?q=70&crop=false', 'https://rukminim2.flixcart.com/image/416/416/k9loccw0/mobile/6/b/z/apple-iphone-se-mxd12hn-a-original-imafrcqfwxpk3czr.jpeg?q=70&crop=false', 'https://rukminim2.flixcart.com/image/416/416/k9loccw0/mobile/6/b/z/apple-iphone-se-mxd12hn-a-original-imafrcqfdhrrbsmq.jpeg?q=70&crop=false']","iPhone, EarPods with Lightning Connector, Lightning to USB Cable, USB Power Adapter, Documentation",MXVU2HN/A,iPhone SE,White,Smartphones,Dual Sim,No,Yes,No,Yes,Built-in Stereo Speaker,11.94 cm (4.7 inch),1334 x 750 Pixels,Retina HD Display,Retina HD Display,"Widescreen HD LCD Retina Multi-touch IPS Display (1400:1 Contrast Ratio (Typical), True Tone Display, Wide Color Display (P3), Haptic Touch, 625 nits Max Brightness (Typical), Fingerprint-resistant Oleophobic Coating, Display Zoom, Reachability)",iOS 13,Apple,A13 Bionic Chip with 3rd Gen Neural Engine,256 GB,Yes,12MP Rear Camera,"12MP Wide Camera, F/1.8 Aperture, Portrait Mode with Advanced Bokeh and Depth Control, Portrait Lighting with Six Effects (Natural, Studio, Contour, Stage, Stage Mono, High-Key Mono), Optical Image Stabilisation, Six‑element Lens, Panorama (Upto 63 MP), Sapphire Crystal Lens Cover, Autofocus with Focus Pixels, Wide Color Capture for Photos and Live Photos, Next-generation Smart HDR for Photos, Advanced Red-eye Correction, Auto Image Stabilisation, Burst Mode, Photo Geotagging, Image Formats Captured: HEIF and JPEG | Video: 4K Video Recording Upto 60 fps, 1080p HD Video Recording Upto 60fps, 720p HD Video Recording at 30 fps, Extended Dynamic Range for Video Upto 30 fps, Optical Image Stabilisation for Video, QuickTake Video, Slow-motion Video Support for 1080p Upto 240 fps, Time-lapse Video with Stabilisation, Cinematic Video Stabilisation (4K,1080p and 720p), Continuous Autofocus Video, Take 8 MP Still Photos while Recording 4K Video, Playback Zoom, Video Formats Recorded: HEVC and H.264, Stereo Recording",Yes,7MP Front Camera,"7 MP Camera, F/2.2 Aperture, Portrait Mode with Advanced Bokeh and Depth Control, Portrait Lighting with Six Effects (Natural, Studio, Contour, Stage, Stage Mono, High-Key Mono), 1080p HD Video Recording at 30 fps, QuickTake Video, Wide Color Capture for Photos and Live Photos, Auto HDR for Photos, Auto Image Stabilisation, Burst Mode, Cinematic Video Stabilisation (1080p and 720p)",Rear: LED True Tone Flash with Slow Sync | Front: Retina Flash,Yes,Yes,Yes,"4K, 1080p, 720p","Photo: Digital Zoom Upto 5x, Video: Digital Zoom Upto 3x",Yes,"4G VOLTE, 4G, 3G, 2G","4G VoLTE, 4G LTE, WCDMA, GSM","4G, 3G, Wi-Fi, EDGE",Safari,Yes,v5.0,Yes,802.11ax (Wi-Fi 6 with 2x2 MIMO),Yes,Yes,Yes,Maps,Yes,Yes,Nano + eSIM,Yes,No,Yes,326 PPI,"Touch ID Fingerprint Sensor, Barometer, Three-axis gyro, Accelerometer, Proximity Sensor, Ambient Light Sensor",iPhone SE,"Splash, Water and Dust Resistant (IP67 Rated (Maximum Depth of 1 metre Upto 30 mins) Under IEC Standard 60529), Fingerprint Sensor Built into the Home Hutton, Digital Compass, iBeacon Micro-location, Video Calling (FaceTime Video Calling Over Wi-Fi or Mobile Data), Audio Calling (FaceTime Audio Calling Over Wi-Fi or Mobile Data, Voice over LTE (VoLTE), Wi-Fi Calling), Fast Charge Capable (Upto 50% Charge in 30 mins with 18 W Adapter or Higher), Wireless Charging (Works with Qi Chargers), Accessibility: Voice Control, VoiceOver, Zoom, Magnifier, RTT and TTY Support, Siri and Dictation, Type to Siri, Switch Control, Closed Captions, AssistiveTouch, Speak Screen, Rating for Hearing Aids: M3, T4","A-GPS, GLONASS","AAC-LC, HE-AAC, HE-AAC v2, Protected AAC, MP3, Linear PCM, Apple Lossless, FLAC, Dolby Digital (AC-3), Dolby Digital Plus (E-AC-3) and Audible (Formats 2, 3, 4, Audible Enhanced Audio, AAX and AAX+)","HEVC, H.264, MPEG-4 Part 2 and Motion JPEG",67.3 mm,138.4 mm,7.3 mm,148 g,1 year warranty for phone and 1 year warranty for in Box Accessories.,NA,1 Year
4,phone,https://www.flipkart.com/apple-iphone-se-white-128-gb/p/itma00a19e11c81b?pid=MOBFWQ6BJEHMUUZY&lid=LSTMOBFWQ6BJEHMUUZYVR6FJQ&marketplace=FLIPKART&store=tyy%2F4io&srno=b_1_14&otracker=nmenu_sub_Electronics_0_iPhone%20SE&fm=organic&iid=c9843e80-d8d0-4bca-a452-cf8c2993dfd3.MOBFWQ6BJEHMUUZY.SEARCH&ppt=None&ppn=None&ssid=mmtlymoh5s0000001739454891596,"Apple iPhone SE (White, 128 GB)","₹44,900","₹1,799",NA,"['https://rukminim2.flixcart.com/image/416/416/k9loccw0/mobile/6/b/z/apple-iphone-se-mxd12hn-a-original-imafrcqf9nze6evk.jpeg?q=70&crop=false', 'https://rukminim2.flixcart.com/image/416/416/k9loccw0/mobile/6/b/z/apple-iphone-se-mxd12hn-a-original-imafrcqf9nze6evk.jpeg?q=70&crop=false', 'https://rukminim2.flixcart.com/image/416/416/k9loccw0/mobile/6/b/z/apple-iphone-se-mxd12hn-a-original-imafrcqfsuzwa3dz.jpeg?q=70&crop=false', 'https://rukminim2.flixcart.com/image/416/416/k9loccw0/mobile/6/b/z/apple-iphone-se-mxd12hn-a-original-imafrcqfftzjrwbr.jpeg?q=70&crop=false', 'https://rukminim2.flixcart.com/image/416/416/kmp7ngw0/mobile/w/v/a/iphone-se-mhgx3hn-a-apple-original-imagfj4ctg2nbj3k.jpeg?q=70&crop=false', 'https://rukminim2.flixcart.com/image/416/416/k9loccw0/mobile/6/b/z/apple-iphone-se-mxd12hn-a-original-imafrcqftzs6tybk.jpeg?q=70&crop=false', 'https://rukminim2.flixcart.com/image/416/416/k9loccw0/mobile/6/b/z/apple-iphone-se-mxd12hn-a-original-imafrcqfuchr38jz.jpeg?q=70&crop=false', 'https://rukminim2.flixcart.com/image/416/416/k9loccw0/mobile/6/b/z/apple-iphone-se-mxd12hn-a-original-imafrcqftfcfzxbf.jpeg?q=70&crop=false', 'https://rukminim2.flixcart.com/image/416/416/k9loccw0/mobile/6/b/z/apple-iphone-se-mxd12hn-a-original-imafrcqfwxpk3czr.jpeg?q=70&crop=false', 'https://rukminim2.flixcart.com/image/416/416/k9loccw0/mobile/6/b/z/apple-iphone-se-mxd12hn-a-original-imafrcqfdhrrbsmq.jpeg?q=70&crop=false']",,,,,,,,,,,,,,,,,,,,,,,,,,,,,,,,,,,,,,,,,,,,,,,,,,,,,,,,,,,,,,,,,
4,phone,https://www.flipkart.com/apple-iphone-se-red-64-gb/p/itma4202509da171?pid=MOBFWQ6B5SFXGTNG&lid=LSTMOBFWQ6B5SFXGTNGHJSHGL&marketplace=FLIPKART&store=tyy%2F4io&srno=b_1_15&otracker=nmenu_sub_Electronics_0_iPhone%20SE&fm=organic&iid=c9843e80-d8d0-4bca-a452-cf8c2993dfd3.MOBFWQ6B5SFXGTNG.SEARCH&ppt=None&ppn=None&ssid=mmtlymoh5s0000001739454891596,"Apple iPhone SE (Red, 64 GB)","₹39,900","₹1,499",NA,"['https://rukminim2.flixcart.com/image/416/416/k9loccw0/mobile/6/8/g/apple-iphone-se-mxvv2hn-a-original-imafrcqmfh4zznmq.jpeg?q=70&crop=false', 'https://rukminim2.flixcart.com/image/416/416/k9loccw0/mobile/6/8/g/apple-iphone-se-mxvv2hn-a-original-imafrcqmfh4zznmq.jpeg?q=70&crop=false', 'https://rukminim2.flixcart.com/image/416/416/k9loccw0/mobile/6/8/g/apple-iphone-se-mxvv2hn-a-original-imafrcqmfxhcrpsb.jpeg?q=70&crop=false', 'https://rukminim2.flixcart.com/image/416/416/k9loccw0/mobile/6/8/g/apple-iphone-se-mxvv2hn-a-original-imafrcqmzzajg3zg.jpeg?q=70&crop=false', 'https://rukminim2.flixcart.com/image/416/416/kmp7ngw0/mobile/p/h/3/iphone-se-mhgr3hn-a-apple-original-imagfj4cu6huqegp.jpeg?q=70&crop=false', 'https://rukminim2.flixcart.com/image/416/416/k9loccw0/mobile/6/8/g/apple-iphone-se-mxvv2hn-a-original-imafrcqmh5hgugse.jpeg?q=70&crop=false', 'https://rukminim2.flixcart.com/image/416/416/k9loccw0/mobile/6/8/g/apple-iphone-se-mxvv2hn-a-original-imafrcqmyhg8h82e.jpeg?q=70&crop=false', 'https://rukminim2.flixcart.com/image/416/416/k9loccw0/mobile/6/8/g/apple-iphone-se-mxvv2hn-a-original-imafrcqmn2873425.jpeg?q=70&crop=false', 'https://rukminim2.flixcart.com/image/416/416/k9loccw0/mobile/6/8/g/apple-iphone-se-mxvv2hn-a-original-imafrcqmhkqzv7xx.jpeg?q=70&crop=false', 'https://rukminim2.flixcart.com/image/416/416/k9loccw0/mobile/6/8/g/apple-iphone-se-mxvv2hn-a-original-imafrcqmqesyfhhy.jpeg?q=70&crop=false']",,,,,,,,,,,,,,,,,,,,,,,,,,,,,,,,,,,,,,,,,,,,,,,,,,,,,,,,,,,,,,,,,
4,phone,https://www.flipkart.com/apple-iphone-se-white-64-gb/p/itma00a19e11c81b?pid=MOBFWQ6BGWDVGF3E&lid=LSTMOBFWQ6BGWDVGF3EMJEIV6&marketplace=FLIPKART&store=tyy%2F4io&srno=b_1_16&otracker=nmenu_sub_Electronics_0_iPhone%20SE&fm=organic&iid=c9843e80-d8d0-4bca-a452-cf8c2993dfd3.MOBFWQ6BGWDVGF3E.SEARCH&ppt=None&ppn=None&ssid=mmtlymoh5s0000001739454891596,"Apple iPhone SE (White, 64 GB)","₹39,900","₹1,499",NA,"['https://rukminim2.flixcart.com/image/416/416/k9loccw0/mobile/6/b/z/apple-iphone-se-mxd12hn-a-original-imafrcqf9nze6evk.jpeg?q=70&crop=false', 'https://rukminim2.flixcart.com/image/416/416/k9loccw0/mobile/6/b/z/apple-iphone-se-mxd12hn-a-original-imafrcqf9nze6evk.jpeg?q=70&crop=false', 'https://rukminim2.flixcart.com/image/416/416/k9loccw0/mobile/6/b/z/apple-iphone-se-mxd12hn-a-original-imafrcqfsuzwa3dz.jpeg?q=70&crop=false', 'https://rukminim2.flixcart.com/image/416/416/k9loccw0/mobile/6/b/z/apple-iphone-se-mxd12hn-a-original-imafrcqfftzjrwbr.jpeg?q=70&crop=false', 'https://rukminim2.flixcart.com/image/416/416/kmp7ngw0/mobile/w/v/a/iphone-se-mhgx3hn-a-apple-original-imagfj4ctg2nbj3k.jpeg?q=70&crop=false', 'https://rukminim2.flixcart.com/image/416/416/k9loccw0/mobile/6/b/z/apple-iphone-se-mxd12hn-a-original-imafrcqftzs6tybk.jpeg?q=70&crop=false', 'https://rukminim2.flixcart.com/image/416/416/k9loccw0/mobile/6/b/z/apple-iphone-se-mxd12hn-a-original-imafrcqfuchr38jz.jpeg?q=70&crop=false', 'https://rukminim2.flixcart.com/image/416/416/k9loccw0/mobile/6/b/z/apple-iphone-se-mxd12hn-a-original-imafrcqfdhrrbsmq.jpeg?q=70&crop=false', 'https://rukminim2.flixcart.com/image/416/416/k9loccw0/mobile/6/b/z/apple-iphone-se-mxd12hn-a-original-imafrcqfwxpk3czr.jpeg?q=70&crop=false', 'https://rukminim2.flixcart.com/image/416/416/k9loccw0/mobile/6/b/z/apple-iphone-se-mxd12hn-a-original-imafrcqftfcfzxbf.jpeg?q=70&crop=false']",,,,,,,,,,,,,,,,,,,,,,,,,,,,,,,,,,,,,,,,,,,,,,,,,,,,,,,,,,,,,,,,,
4,phone,https://www.flipkart.com/apple-iphone-se-black-128-gb-includes-earpods-power-adapter/p/itma9285ccc6af28?pid=MOBFRFXH2A3EAPZQ&lid=LSTMOBFRFXH2A3EAPZQZQXSND&marketplace=FLIPKART&store=tyy%2F4io&srno=b_1_17&otracker=nmenu_sub_Electronics_0_iPhone%20SE&fm=organic&iid=c9843e80-d8d0-4bca-a452-cf8c2993dfd3.MOBFRFXH2A3EAPZQ.SEARCH&ppt=None&ppn=None&ssid=mmtlymoh5s0000001739454891596,"Apple iPhone SE (Black, 128 GB) (Includes EarPods, Power Adapter)","₹44,900","₹1,799","iPhone SE is the most powerful 11.94-cm (4.7) iPhone ever. It features the incredibly-fast A13 Bionic for incredible performance in apps, games, and photography, Portrait mode for studio-quality portraits and six lighting effects, Next-generation Smart HDR for incredible detail across highlights and shadows, Cinematic-quality 4K video, and all the advanced features of iOS. With long battery life and water resistance, it’s so much of the iPhone you love, in a not-so-big size.","['https://rukminim2.flixcart.com/image/416/416/k9loccw0/mobile/p/z/q/apple-iphone-se-mxd02hn-a-original-imafrcpjyscxm8fv.jpeg?q=70&crop=false', 'https://rukminim2.flixcart.com/image/416/416/k9loccw0/mobile/p/z/q/apple-iphone-se-mxd02hn-a-original-imafrcpjyscxm8fv.jpeg?q=70&crop=false', 'https://rukminim2.flixcart.com/image/416/416/k9loccw0/mobile/p/z/q/apple-iphone-se-mxd02hn-a-original-imafrcpjfehbbqgb.jpeg?q=70&crop=false', 'https://rukminim2.flixcart.com/image/416/416/k9loccw0/mobile/p/z/q/apple-iphone-se-mxd02hn-a-original-imafrcpjgcphy69z.jpeg?q=70&crop=false', 'https://rukminim2.flixcart.com/image/416/416/k9loccw0/mobile/p/z/q/apple-iphone-se-mxd02hn-a-original-imafrcpjdkt4ef7w.jpeg?q=70&crop=false', 'https://rukminim2.flixcart.com/image/416/416/k9loccw0/mobile/p/z/q/apple-iphone-se-mxd02hn-a-original-imafrcpjvegg9wqa.jpeg?q=70&crop=false', 'https://rukminim2.flixcart.com/image/416/416/k9loccw0/mobile/p/z/q/apple-iphone-se-mxd02hn-a-original-imafrcpjsnr2n9uz.jpeg?q=70&crop=false', 'https://rukminim2.flixcart.com/image/416/416/k9loccw0/mobile/p/z/q/apple-iphone-se-mxd02hn-a-original-imafrcpjpdstz4u3.jpeg?q=70&crop=false', 'https://rukminim2.flixcart.com/image/416/416/k9loccw0/mobile/p/z/q/apple-iphone-se-mxd02hn-a-original-imafrcpjzhpkwuxp.jpeg?q=70&crop=false', 'https://rukminim2.flixcart.com/image/416/416/k9loccw0/mobile/p/z/q/apple-iphone-se-mxd02hn-a-original-imafrcpjf9fhfcjt.jpeg?q=70&crop=false', 'https://rukminim2.flixcart.com/image/416/416/k9loccw0/mobile/p/z/q/apple-iphone-se-mxd02hn-a-original-imafrcpj393yex36.jpeg?q=70&crop=false']","iPhone, EarPods with Lightning Connector, Lightning to USB Cable, USB Power Adapter, Documentation",MXD02HN/A,iPhone SE,Black,Smartphones,Dual Sim,No,Yes,No,Yes,Built-in Stereo Speaker,11.94 cm (4.7 inch),1334 x 750 Pixels,Retina HD Display,Retina HD Display,"Widescreen HD LCD Retina Multi-touch IPS Display (1400:1 Contrast Ratio (Typical), True Tone Display, Wide Color Display (P3), Haptic Touch, 625 nits Max Brightness (Typical), Fingerprint-resistant Oleophobic Coating, Display Zoom, Reachability)",iOS 13,Apple,A13 Bionic Chip with 3rd Gen Neural Engine,128 GB,Yes,12MP Rear Camera,"12MP Wide Camera, F/1.8 Aperture, Portrait Mode with Advanced Bokeh and Depth Control, Portrait Lighting with Six Effects (Natural, Studio, Contour, Stage, Stage Mono, High-Key Mono), Optical Image Stabilisation, Six‑element Lens, Panorama (Upto 63 MP), Sapphire Crystal Lens Cover, Autofocus with Focus Pixels, Wide Color Capture for Photos and Live Photos, Next-generation Smart HDR for Photos, Advanced Red-eye Correction, Auto Image Stabilisation, Burst Mode, Photo Geotagging, Image Formats Captured: HEIF and JPEG | Video: 4K Video Recording Upto 60 fps, 1080p HD Video Recording Upto 60fps, 720p HD Video Recording at 30 fps, Extended Dynamic Range for Video Upto 30 fps, Optical Image Stabilisation for Video, QuickTake Video, Slow-motion Video Support for 1080p Upto 240 fps, Time-lapse Video with Stabilisation, Cinematic Video Stabilisation (4K,1080p and 720p), Continuous Autofocus Video, Take 8 MP Still Photos while Recording 4K Video, Playback Zoom, Video Formats Recorded: HEVC and H.264, Stereo Recording",Yes,7MP Front Camera,"7 MP Camera, F/2.2 Aperture, Portrait Mode with Advanced Bokeh and Depth Control, Portrait Lighting with Six Effects (Natural, Studio, Contour, Stage, Stage Mono, High-Key Mono), 1080p HD Video Recording at 30 fps, QuickTake Video, Wide Color Capture for Photos and Live Photos, Auto HDR for Photos, Auto Image Stabilisation, Burst Mode, Cinematic Video Stabilisation (1080p and 720p)",Rear: LED True Tone Flash with Slow Sync | Front: Retina Flash,Yes,Yes,Yes,"4K, 1080p, 720p","Photo: Digital Zoom Upto 5x, Video: Digital Zoom Upto 3x",Yes,"4G VOLTE, 4G, 3G, 2G","4G VoLTE, 4G LTE, WCDMA, GSM","4G, 3G, Wi-Fi, EDGE",Safari,Yes,v5.0,Yes,802.11ax (Wi-Fi 6 with 2x2 MIMO),Yes,Yes,Yes,Maps,Yes,Yes,Nano + eSIM,Yes,No,Yes,326 PPI,"Touch ID Fingerprint Sensor, Barometer, Three-axis gyro, Accelerometer, Proximity Sensor, Ambient Light Sensor",iPhone SE,"Splash, Water and Dust Resistant (IP67 Rated (Maximum Depth of 1 metre Upto 30 mins) Under IEC Standard 60529), Fingerprint Sensor Built into the Home Hutton, Digital Compass, iBeacon Micro-location, Video Calling (FaceTime Video Calling Over Wi-Fi or Mobile Data), Audio Calling (FaceTime Audio Calling Over Wi-Fi or Mobile Data, Voice over LTE (VoLTE), Wi-Fi Calling), Fast Charge Capable (Upto 50% Charge in 30 mins with 18 W Adapter or Higher), Wireless Charging (Works with Qi Chargers), Accessibility: Voice Control, VoiceOver, Zoom, Magnifier, RTT and TTY Support, Siri and Dictation, Type to Siri, Switch Control, Closed Captions, AssistiveTouch, Speak Screen, Rating for Hearing Aids: M3, T4","A-GPS, GLONASS","AAC-LC, HE-AAC, HE-AAC v2, Protected AAC, MP3, Linear PCM, Apple Lossless, FLAC, Dolby Digital (AC-3), Dolby Digital Plus (E-AC-3) and Audible (Formats 2, 3, 4, Audible Enhanced Audio, AAX and AAX+)","HEVC, H.264, MPEG-4 Part 2 and Motion JPEG",67.3 mm,138.4 mm,7.3 mm,148 g,1 year warranty for phone and 1 year warranty for in Box Accessories.,NA,1 Year
4,phone,https://www.flipkart.com/apple-iphone-se-red-256-gb/p/itma4202509da171?pid=MOBFWQ6BTCWTXACG&lid=LSTMOBFWQ6BTCWTXACGSFLMMO&marketplace=FLIPKART&store=tyy%2F4io&srno=b_1_18&otracker=nmenu_sub_Electronics_0_iPhone%20SE&fm=organic&iid=c9843e80-d8d0-4bca-a452-cf8c2993dfd3.MOBFWQ6BTCWTXACG.SEARCH&ppt=None&ppn=None&ssid=mmtlymoh5s0000001739454891596,"Apple iPhone SE (Red, 256 GB)","₹54,900","₹2,199",NA,"['https://rukminim2.flixcart.com/image/416/416/k9loccw0/mobile/6/8/g/apple-iphone-se-mxvv2hn-a-original-imafrcqmfh4zznmq.jpeg?q=70&crop=false', 'https://rukminim2.flixcart.com/image/416/416/k9loccw0/mobile/6/8/g/apple-iphone-se-mxvv2hn-a-original-imafrcqmfh4zznmq.jpeg?q=70&crop=false', 'https://rukminim2.flixcart.com/image/416/416/k9loccw0/mobile/6/8/g/apple-iphone-se-mxvv2hn-a-original-imafrcqmfxhcrpsb.jpeg?q=70&crop=false', 'https://rukminim2.flixcart.com/image/416/416/k9loccw0/mobile/6/8/g/apple-iphone-se-mxvv2hn-a-original-imafrcqmzzajg3zg.jpeg?q=70&crop=false', 'https://rukminim2.flixcart.com/image/416/416/kmp7ngw0/mobile/p/h/3/iphone-se-mhgr3hn-a-apple-original-imagfj4cu6huqegp.jpeg?q=70&crop=false', 'https://rukminim2.flixcart.com/image/416/416/k9loccw0/mobile/6/8/g/apple-iphone-se-mxvv2hn-a-original-imafrcqmh5hgugse.jpeg?q=70&crop=false', 'https://rukminim2.flixcart.com/image/416/416/k9loccw0/mobile/6/8/g/apple-iphone-se-mxvv2hn-a-original-imafrcqmyhg8h82e.jpeg?q=70&crop=false', 'https://rukminim2.flixcart.com/image/416/416/k9loccw0/mobile/6/8/g/apple-iphone-se-mxvv2hn-a-original-imafrcqmn2873425.jpeg?q=70&crop=false', 'https://rukminim2.flixcart.com/image/416/416/k9loccw0/mobile/6/8/g/apple-iphone-se-mxvv2hn-a-original-imafrcqmhkqzv7xx.jpeg?q=70&crop=false', 'https://rukminim2.flixcart.com/image/416/416/k9loccw0/mobile/6/8/g/apple-iphone-se-mxvv2hn-a-original-imafrcqmqesyfhhy.jpeg?q=70&crop=false']",,,,,,,,,,,,,,,,,,,,,,,,,,,,,,,,,,,,,,,,,,,,,,,,,,,,,,,,,,,,,,,,,
