cat_id,category,links,title,price,dis_price,description,images,Model Number,Model Name,Ideal Usage,Color,Connectivity,OS,Operating System Version,RAM,Voice Call,Display Resolution Type,Video Call,HD Video Call,In-build Keypad,Supported Network,Display Supported Network,Processor Type,User Interface,Operating Frequency,Display Size,Sales Package,Display Resolution,Primary Camera,Internal Storage,Processor Speed,Sim Size,Multi-touch,Graphics Processors,Sensors,Sim Type,ROM,RAM Type,Secondary Clock Speed,Battery Capacity,Battery Type,Stand By Time,Talk Time,Document Viewer,Cloud Computing Support,E-mail,Secondary Camera,Video Recording Resolution,Frame Rate,Video Recording,Full HD Recording,HD Recording,Flash,Optical Zoom,Other Camera Features,2G,3G,Edge,GPRS,Bluetooth Version,USB,Bluetooth Profiles,Headphone Jack,Wi-fi Version,Microphone Jack,Touch Screen Type,Display PPI,Display Colors,Display Type,Full HD Playback,HD Playback,Video Playback,HD Game Support,GPS Support,GPS Type,Map Support,Expandable Storage Capacity,Memory Card Slot Type,Included Memory Card,Memory Card Support,Warranty,Warranty Summary,Domestic Warranty,Warranty Period,Additional Features,Internet Browsing Time,Digital Zoom,Browser,Other Connectivity Features,Other Display Features,Video Formats Supported,Audio Formats Supported,Warranty Service Type,Covered in Warranty,Not Covered in Warranty,Other Business Features,Battery Features,Sim Access
3,Tables,https://www.flipkart.com/poco-pad-5g-8-gb-ram-256-rom-12-1-inch-wi-fi-5g-tablet-pistachio-green/p/itm08b56574bfddc?pid=TABH3QBCGCZHZAZV&lid=LSTTABH3QBCGCZHZAZV18PT9N&marketplace=FLIPKART&store=tyy%2Fhry&srno=b_1_1&otracker=nmenu_sub_Electronics_0_Apple%20iPads&fm=organic&iid=en_Un5j4cym2MsuqIB8P4zKFyLEKfVJbfgjiazVrOcAbJFSPEkHvb335tCozNcgkcdl51YVOaAJoHOytmR3XTsJrvUFjCTyOHoHZs-Z5_PS_w0%3D&ppt=None&ppn=None&ssid=m5w7fw4sm80000001739455211354,POCO Pad 5G 8 GB RAM 256 GB ROM 12.1 inch with Wi-Fi+5G Tablet (Pistachio Green),"₹23,999","₹32,999",,"['https://rukminim2.flixcart.com/image/416/416/xif0q/tablet/u/h/j/-original-imah3zwvybhh7wrr.jpeg?q=70&crop=false', 'https://rukminim2.flixcart.com/image/416/416/xif0q/tablet/5/k/o/-original-imah3zwvtzggacw9.jpeg?q=70&crop=false', 'https://rukminim2.flixcart.com/image/416/416/xif0q/tablet/y/v/d/59716-poco-original-imah4yyrwyqny47y.jpeg?q=70&crop=false', 'https://rukminim2.flixcart.com/image/416/416/xif0q/tablet/r/u/x/59716-poco-original-imah4yyrqyg9hqqh.jpeg?q=70&crop=false', 'https://rukminim2.flixcart.com/image/416/416/xif0q/tablet/i/5/0/59716-poco-original-imah4yyrztkfjftv.jpeg?q=70&crop=false']",24074PCD2I,Pad 5G,Entertainment,Pistachio Green,Wi-Fi+5G,Android,Android 14,8.0 GB,Yes,Quad HD,Yes,Yes,Yes,"4G LTE, 5G, GSM, WCDMA","5G, 4G LTE, WCDMA, GSM",Snapdragon 7s Gen 2,Touch Interface,"5G SA: n1/n3/n5/n8/n28/n40/n78, 5G NSA: n1/n3/n40/n78, 4G FDD: B1/B3/B5/B8/B28, 4G TDD: B40/B41 (120 MHz), 3G WCDMA: B1/B2/B5/B8, 2G GSM: B2/B3/B5/B8",30.73 cm (12.1 inch),"Tablet, Adapter, USB Type-C Cable, Quick Start Guide, Warranty Card, Sim Eject Tool",2560 x 1600 Pixels,8 Megapixels,256 GB,2.4 GHz,Nano Sim,10 Finger Multi-touch,Adreno 710,"Accelerometer, Gyroscope, Ambient Light Sensor, Color Temperature Sensor, Electronic Compass, Hall Sensor",Dual Sim,256 GB,LPDDR4X,1.95 GHz,10000 mAh,Lithium Ion,34.83 Days,50 Hr,Yes,Yes,Yes,8 Megapixels,1920 x 1080 Pixels,30 fps,Yes,Yes,Yes,LED,5X,720p (1280 x 720 (at 30 fps)),Yes,Yes,Yes,Yes,v5.2,1 x USB 2.0,"AAC, LDAC, SBC, aptX, aptX-HD, aptx-adaptive",3.5 mm,"Wi-Fi 6, Wi-Fi 5, Wi-Fi 4, 802.11 a/b/g",3.5 mm,Capacitive,249 PPI,68.7 Billion,IPS LCD,Yes,Yes,Yes,Yes,Yes,"GPS, A-GPS",Google Map,1.5 TB,MicroSD,No,Yes,1 Year,1 Year Domestic Warranty,1 Year,1 Year,,,,,,,,,,,,,,
3,Tables,https://www.flipkart.com/poco-pad-5g-8-gb-ram-256-rom-12-1-inch-wi-fi-5g-tablet-cobalt-blue/p/itm08b56574bfddc?pid=TABH3QBCKDGREXER&lid=LSTTABH3QBCKDGREXERBBDWY4&marketplace=FLIPKART&store=tyy%2Fhry&srno=b_1_2&otracker=nmenu_sub_Electronics_0_Apple%20iPads&fm=organic&iid=en_Un5j4cym2MsuqIB8P4zKFyLEKfVJbfgjiazVrOcAbJH7mqcMvSwAWA2ZnmVBTBUuGiIY_A30HEVP15KKs3ylvfUFjCTyOHoHZs-Z5_PS_w0%3D&ppt=None&ppn=None&ssid=m5w7fw4sm80000001739455211354,POCO Pad 5G 8 GB RAM 256 GB ROM 12.1 inch with Wi-Fi+5G Tablet (Cobalt Blue),"₹23,999","₹32,999",,"['https://rukminim2.flixcart.com/image/416/416/xif0q/tablet/u/h/j/-original-imah3zwvybhh7wrr.jpeg?q=70&crop=false', 'https://rukminim2.flixcart.com/image/416/416/xif0q/tablet/k/c/n/-original-imah3zwv3y8tmsyd.jpeg?q=70&crop=false', 'https://rukminim2.flixcart.com/image/416/416/xif0q/tablet/k/2/7/59718-poco-original-imah4yyrqy56fc87.jpeg?q=70&crop=false', 'https://rukminim2.flixcart.com/image/416/416/xif0q/tablet/s/n/k/59718-poco-original-imah4yyrs4shydh2.jpeg?q=70&crop=false', 'https://rukminim2.flixcart.com/image/416/416/xif0q/tablet/o/b/s/59718-poco-original-imah4yyrtedmgjjw.jpeg?q=70&crop=false']",24074PCD21,Pad 5G,Entertainment,Cobalt Blue,Wi-Fi+5G,Android,14,8.0 GB,Yes,Quad HD,Yes,Yes,Yes,"5G, 4G LTE, WCDMA, GSM","5G, 4G LTE, WCDMA, GSM",Snapdragon 7s Gen 2,Touch Interface,"5G SA: n1/n3/n5/n8/n28/n40/n78, 5G NSA: n1/n3/n40/n78, 4G FDD: B1/B3/B5/B8/B28, 4G TDD: B40/B41 (120 MHz), 3G WCDMA: B1/B2/B5/B8, 2G GSM: B2/B3/B5/B8",30.73 cm (12.1 inch),"Tablet, Adapter, USB Type-C Cable, Quick Start Guide, Warranty Card, Sim Eject Tool",2560 x 1600 Pixels,8 Megapixels,256 GB,2.4 GHz,Nano Sim,10 Finger Multi-touch,Adreno 710,"Accelerometer, Gyroscope, Ambient Light Sensor, Color Temperature Sensor, Electronic Compass, Hall Sensor",Dual Sim,256 GB,LPDDR4X,1.95 GHz,10000 mAh,Lithium Ion,34.83 Days,50 Hr,Yes,Yes,Yes,8 Megapixels,1920 x 1080 Pixels,30 fps,Yes,Yes,Yes,LED,5X,720p (1280 x 720 (at 30 fps)),Yes,Yes,Yes,Yes,v5.2,1 x USB 2.0,"AAC, LDAC, SBC, aptX, aptX-HD, aptx-adaptive",3.5 mm,"Wi-Fi 6, Wi-Fi 5, Wi-Fi 4, 802.11 a/b/g",3.5 mm,Capacitive,249 PPI,68.7 Billion,IPS LCD,Yes,Yes,Yes,Yes,Yes,"GPS, A-GPS",Google Map,1.5 TB,MicroSD,No,Yes,1 Year,1 Year Domestic Warranty,1 Year,1 Year,,,,,,,,,,,,,,
3,Tables,https://www.flipkart.com/apple-ipad-10th-gen-64-gb-rom-10-9-inch-wi-fi-only-blue/p/itm5d7707aeb1a78?pid=TABGJ6XUUNYTFDYH&lid=LSTTABGJ6XUUNYTFDYHVYBX7S&marketplace=FLIPKART&store=tyy%2Fhry&srno=b_1_3&otracker=nmenu_sub_Electronics_0_Apple%20iPads&fm=organic&iid=a3d4c27a-9046-4e2c-9367-24b5d71f0a5c.TABGJ6XUUNYTFDYH.SEARCH&ppt=None&ppn=None&ssid=m5w7fw4sm80000001739455211354,Apple iPad (10th Gen) 64 GB ROM 10.9 inch with Wi-Fi Only (Blue),"₹33,749","₹34,900",,"['https://rukminim2.flixcart.com/image/416/416/xif0q/tablet/r/4/m/-original-imagj72vqsfqgzpf.jpeg?q=70&crop=false', 'https://rukminim2.flixcart.com/image/416/416/xif0q/tablet/l/e/q/-original-imagj72t2hbnde8j.jpeg?q=70&crop=false', 'https://rukminim2.flixcart.com/image/416/416/xif0q/tablet/t/e/b/-original-imagj72trbzxfq6g.jpeg?q=70&crop=false', 'https://rukminim2.flixcart.com/image/416/416/xif0q/tablet/r/c/2/-original-imagj72twwjurfjg.jpeg?q=70&crop=false', 'https://rukminim2.flixcart.com/image/416/416/xif0q/tablet/e/m/u/-original-imagj72tw9ygbpuf.jpeg?q=70&crop=false', 'https://rukminim2.flixcart.com/image/416/416/xif0q/tablet/i/9/j/-original-imagj72tr6j2v2qh.jpeg?q=70&crop=false', 'https://rukminim2.flixcart.com/image/416/416/xif0q/tablet/u/s/x/-original-imagj72va37tqs8f.jpeg?q=70&crop=false']",MPQ13HN/A,iPad (10th Gen),"Entertainment, For Kids, Reading and Browsing",Blue,Wi-Fi Only,iPadOS,16,,No,Full HD,,,,,,A14 Bionic Chip (64-bit Architecture) with Neural Engine,,,27.69 cm (10.9 inch),"iPad, USB Type C Charge Cable (1 metre), 20 W USB Type C Power Adapter",2360 x 1640 Pixel,12 megapixels,64 GB,,,Yes,,"Touch ID, Three‐axis gyro, Accelerometer, Barometer, Ambient light sensor",No Sim,64 GB,,,,Lithium Polymer,,,Yes,,Yes,12 Megapixels,"4K, 1080P, 720P pixels",,Yes,Yes,Yes,Retina Flash,Yes,"Rear Camera: 12MP Wide camera, ƒ/1.8 aperture, Digital zoom up to 5x, Five-element lens, Autofocus with Focus Pixels, Panorama (up to 63MP) ,Smart HDR 3, Photo geotagging, Auto image stabilisation, Burst mode, mage formats captured: HEIF and JPEG. Front Camera: Landscape 12MP Ultra Wide camera, 122° field of view, ƒ/2.4 aperture, Smart HDR 3, 1080p HD video recording at 25 fps, 30 fps or 60 fps, Time-lapse video with stabilisation, Extended dynamic range for video up to 30 fps, Cinematic video stabilisation (1080p and 720p), Lens correction, Retina Flash, Auto image stabilisation, Burst mode",,No,,,v5.2,"Yes, USB Type C",,,802.11ax (Wi-Fi 6),,,264 PPI,,Liquid Retina Display,Yes,Yes,,,No,,Maps,,,,,1 Year,1 Year Limited Hardware Warranty,1 Year,1 Year,"Landscape Stereo Speakers, Dual Microphones for Calls, Video Recording and Audio Recording, Video Calling (FaceTime Video): iPad to Any FaceTime Enabled Device over Wi-Fi or Cellular, Audio Calling (FaceTime Audio): iPad to Any FaceTime Enabled Device over Wi-Fi or Cellular, Digital Compass, iBeacon Micro Location, Accessibility Features: VoiceOver, Magnifier, Closed Captions, Voice Control, Siri and Dictation, AssistiveTouch, Zoom, Switch Control, Speak Screen",Upto 10 hrs,5x,Safari,"Bluetooth Support, 2.4 GHz and 5 GHz Dual Band Wireless Connectivity, HT80 with MIMO","LED backlit Multi-Touch display with IPS technology, True Tone display, 500 nits brightness, Fingerprint-resistant oleophobic coating","Video Formats Supported Include HEVC and H.264, Supports Dolby Vision and HDR10 content","Supported formats include AAC, MP3, Apple Lossless, FLAC, Dolby Digital, Dolby Digital Plus and Dolby Atmos, User-conﬁgurable maximum volume limit","For any warranty related issues, please call the Customer Support -[918040455150][bangalore_admin@apple.com]",Manufacturing Defects,Physical Damage,,,
3,Tables,https://www.flipkart.com/apple-ipad-10th-gen-64-gb-rom-10-9-inch-wi-fi-only-silver/p/itmd486c16ac081f?pid=TABGJ6XUN2YTSBVU&lid=LSTTABGJ6XUN2YTSBVUHSF9US&marketplace=FLIPKART&store=tyy%2Fhry&srno=b_1_4&otracker=nmenu_sub_Electronics_0_Apple%20iPads&fm=organic&iid=a3d4c27a-9046-4e2c-9367-24b5d71f0a5c.TABGJ6XUN2YTSBVU.SEARCH&ppt=None&ppn=None&ssid=m5w7fw4sm80000001739455211354,Apple iPad (10th Gen) 64 GB ROM 10.9 inch with Wi-Fi Only (Silver),"₹34,349","₹34,900",,"['https://rukminim2.flixcart.com/image/416/416/xif0q/tablet/o/k/w/-original-imagj72ttsqcrehk.jpeg?q=70&crop=false', 'https://rukminim2.flixcart.com/image/416/416/xif0q/tablet/5/q/p/-original-imagj72tg8hefg8w.jpeg?q=70&crop=false', 'https://rukminim2.flixcart.com/image/416/416/xif0q/tablet/l/e/q/-original-imagj72t2hbnde8j.jpeg?q=70&crop=false', 'https://rukminim2.flixcart.com/image/416/416/xif0q/tablet/t/e/b/-original-imagj72trbzxfq6g.jpeg?q=70&crop=false', 'https://rukminim2.flixcart.com/image/416/416/xif0q/tablet/r/c/2/-original-imagj72twwjurfjg.jpeg?q=70&crop=false', 'https://rukminim2.flixcart.com/image/416/416/xif0q/tablet/e/m/u/-original-imagj72tw9ygbpuf.jpeg?q=70&crop=false', 'https://rukminim2.flixcart.com/image/416/416/xif0q/tablet/i/9/j/-original-imagj72tr6j2v2qh.jpeg?q=70&crop=false', 'https://rukminim2.flixcart.com/image/416/416/xif0q/tablet/d/y/r/-original-imagj72tzyvysnr7.jpeg?q=70&crop=false']",MPQ03HN/A,iPad (10th Gen),"Entertainment, For Kids, Reading and Browsing",Silver,Wi-Fi Only,iPadOS,16,,No,Full HD,,,,,,A14 Bionic Chip (64-bit Architecture) with Neural Engine,,,27.69 cm (10.9 inch),"iPad, USB Type C Charge Cable (1 metre), 20 W USB Type C Power Adapter",2360 x 1640 Pixel,12 megapixels,64 GB,,,Yes,,"Touch ID, Three‐axis gyro, Accelerometer, Barometer, Ambient light sensor",No Sim,64 GB,,,,Lithium Polymer,,,Yes,,Yes,12 Megapixels,"4K, 1080P, 720P pixels",,Yes,Yes,Yes,Retina Flash,Yes,"Rear Camera: 12MP Wide camera, ƒ/1.8 aperture, Digital zoom up to 5x, Five-element lens, Autofocus with Focus Pixels, Panorama (up to 63MP) ,Smart HDR 3, Photo geotagging, Auto image stabilisation, Burst mode, mage formats captured: HEIF and JPEG. Front Camera: Landscape 12MP Ultra Wide camera, 122° field of view, ƒ/2.4 aperture, Smart HDR 3, 1080p HD video recording at 25 fps, 30 fps or 60 fps, Time-lapse video with stabilisation, Extended dynamic range for video up to 30 fps, Cinematic video stabilisation (1080p and 720p), Lens correction, Retina Flash, Auto image stabilisation, Burst mode",,No,,,v5.2,"Yes, USB Type C",,,802.11ax (Wi-Fi 6),,,264 PPI,,Liquid Retina Display,Yes,Yes,,,No,,Maps,,,,,1 Year,1 Year Limited Hardware Warranty,1 Year,1 Year,"Landscape Stereo Speakers, Dual Microphones for Calls, Video Recording and Audio Recording, Video Calling (FaceTime Video): iPad to Any FaceTime Enabled Device over Wi-Fi or Cellular, Audio Calling (FaceTime Audio): iPad to Any FaceTime Enabled Device over Wi-Fi or Cellular, Digital Compass, iBeacon Micro Location, Accessibility Features: VoiceOver, Magnifier, Closed Captions, Voice Control, Siri and Dictation, AssistiveTouch, Zoom, Switch Control, Speak Screen",Upto 10 hrs,5x,Safari,"Bluetooth Support, 2.4 GHz and 5 GHz Dual Band Wireless Connectivity, HT80 with MIMO","LED backlit Multi-Touch display with IPS technology, True Tone display, 500 nits brightness, Fingerprint-resistant oleophobic coating","Video Formats Supported Include HEVC and H.264, Supports Dolby Vision and HDR10 content","Supported formats include AAC, MP3, Apple Lossless, FLAC, Dolby Digital, Dolby Digital Plus and Dolby Atmos, User-conﬁgurable maximum volume limit","For any warranty related issues, please call the Customer Support -[918040455150][bangalore_admin@apple.com]",Manufacturing Defects,Physical Damage,,,
3,Tables,https://www.flipkart.com/apple-ipad-10th-gen-64-gb-rom-10-9-inch-wi-fi-only-pink/p/itmaf20456d05879?pid=TABGJ6XUSFTPNTKH&lid=LSTTABGJ6XUSFTPNTKHITLWPF&marketplace=FLIPKART&store=tyy%2Fhry&srno=b_1_5&otracker=nmenu_sub_Electronics_0_Apple%20iPads&fm=organic&iid=a3d4c27a-9046-4e2c-9367-24b5d71f0a5c.TABGJ6XUSFTPNTKH.SEARCH&ppt=None&ppn=None&ssid=m5w7fw4sm80000001739455211354,Apple iPad (10th Gen) 64 GB ROM 10.9 inch with Wi-Fi Only (Pink),"₹32,449","₹34,900",,"['https://rukminim2.flixcart.com/image/416/416/xif0q/tablet/h/b/l/-original-imagj72vgvcavh98.jpeg?q=70&crop=false', 'https://rukminim2.flixcart.com/image/416/416/xif0q/tablet/l/e/q/-original-imagj72t2hbnde8j.jpeg?q=70&crop=false', 'https://rukminim2.flixcart.com/image/416/416/xif0q/tablet/t/e/b/-original-imagj72trbzxfq6g.jpeg?q=70&crop=false', 'https://rukminim2.flixcart.com/image/416/416/xif0q/tablet/e/m/u/-original-imagj72tw9ygbpuf.jpeg?q=70&crop=false', 'https://rukminim2.flixcart.com/image/416/416/xif0q/tablet/i/9/j/-original-imagj72tr6j2v2qh.jpeg?q=70&crop=false', 'https://rukminim2.flixcart.com/image/416/416/xif0q/tablet/k/2/k/-original-imagj72vgnkhbd7n.jpeg?q=70&crop=false']",MPQ33HN/A,iPad (10th Gen),"Entertainment, For Kids, Reading and Browsing",Pink,Wi-Fi Only,iPadOS,16,,No,Full HD,,,,,,A14 Bionic Chip (64-bit Architecture) with Neural Engine,,,27.69 cm (10.9 inch),"iPad, USB Type C Charge Cable (1 metre), 20 W USB Type C Power Adapter",2360 x 1640 Pixel,12 megapixels,64 GB,,,Yes,,"Touch ID, Three‐axis gyro, Accelerometer, Barometer, Ambient light sensor",No Sim,64 GB,,,,Lithium Polymer,,,Yes,,Yes,12 Megapixels,"4K, 1080P, 720P pixels",,Yes,Yes,Yes,Retina Flash,Yes,"Rear Camera: 12MP Wide camera, ƒ/1.8 aperture, Digital zoom up to 5x, Five-element lens, Autofocus with Focus Pixels, Panorama (up to 63MP) ,Smart HDR 3, Photo geotagging, Auto image stabilisation, Burst mode, mage formats captured: HEIF and JPEG. Front Camera: Landscape 12MP Ultra Wide camera, 122° field of view, ƒ/2.4 aperture, Smart HDR 3, 1080p HD video recording at 25 fps, 30 fps or 60 fps, Time-lapse video with stabilisation, Extended dynamic range for video up to 30 fps, Cinematic video stabilisation (1080p and 720p), Lens correction, Retina Flash, Auto image stabilisation, Burst mode",,No,,,v5.2,"Yes, USB Type C",,,802.11ax (Wi-Fi 6),,,264 PPI,,Liquid Retina Display,Yes,Yes,,,No,,Maps,,,,,1 Year,1 Year Limited Hardware Warranty,1 Year,1 Year,"Landscape Stereo Speakers, Dual Microphones for Calls, Video Recording and Audio Recording, Video Calling (FaceTime Video): iPad to Any FaceTime Enabled Device over Wi-Fi or Cellular, Audio Calling (FaceTime Audio): iPad to Any FaceTime Enabled Device over Wi-Fi or Cellular, Digital Compass, iBeacon Micro Location, Accessibility Features: VoiceOver, Magnifier, Closed Captions, Voice Control, Siri and Dictation, AssistiveTouch, Zoom, Switch Control, Speak Screen",Upto 10 hrs,5x,Safari,"Bluetooth Support, 2.4 GHz and 5 GHz Dual Band Wireless Connectivity, HT80 with MIMO","LED backlit Multi-Touch display with IPS technology, True Tone display, 500 nits brightness, Fingerprint-resistant oleophobic coating","Video Formats Supported Include HEVC and H.264, Supports Dolby Vision and HDR10 content","Supported formats include AAC, MP3, Apple Lossless, FLAC, Dolby Digital, Dolby Digital Plus and Dolby Atmos, User-conﬁgurable maximum volume limit","For any warranty related issues, please call the Customer Support -[918040455150][bangalore_admin@apple.com]",Manufacturing Defects,Physical Damage,,,
3,Tables,https://www.flipkart.com/poco-pad-5g-8-gb-ram-128-rom-12-1-inch-wi-fi-5g-tablet-cobalt-blue/p/itm08b56574bfddc?pid=TABH3QBC2AGQXZ2G&lid=LSTTABH3QBC2AGQXZ2GYJ40AJ&marketplace=FLIPKART&store=tyy%2Fhry&srno=b_1_6&otracker=nmenu_sub_Electronics_0_Apple%20iPads&fm=organic&iid=en_Un5j4cym2MsuqIB8P4zKFyLEKfVJbfgjiazVrOcAbJFKyQ262sCnhQ3ljazzAaXiMVuQMm_PnMRjm9lZCbhjt_UFjCTyOHoHZs-Z5_PS_w0%3D&ppt=None&ppn=None&ssid=m5w7fw4sm80000001739455211354,POCO Pad 5G 8 GB RAM 128 GB ROM 12.1 inch with Wi-Fi+5G Tablet (Cobalt Blue),"₹22,999","₹30,999",,"['https://rukminim2.flixcart.com/image/416/416/xif0q/tablet/u/h/j/-original-imah3zwvybhh7wrr.jpeg?q=70&crop=false', 'https://rukminim2.flixcart.com/image/416/416/xif0q/tablet/k/c/n/-original-imah3zwv3y8tmsyd.jpeg?q=70&crop=false', 'https://rukminim2.flixcart.com/image/416/416/xif0q/tablet/k/2/7/59718-poco-original-imah4yyrqy56fc87.jpeg?q=70&crop=false', 'https://rukminim2.flixcart.com/image/416/416/xif0q/tablet/s/n/k/59718-poco-original-imah4yyrs4shydh2.jpeg?q=70&crop=false', 'https://rukminim2.flixcart.com/image/416/416/xif0q/tablet/o/b/s/59718-poco-original-imah4yyrtedmgjjw.jpeg?q=70&crop=false']",24074PCD2I,Pad 5G,Entertainment,Cobalt Blue,Wi-Fi+5G,Android,14,8.0 GB,Yes,Quad HD,Yes,Yes,Yes,"4G LTE, 5G, GSM, WCDMA","5G, 4G LTE, WCDMA, GSM",Snapdragon 7s Gen 2,Touch Interface,"5G SA: n1/n3/n5/n8/n28/n40/n78, 5G NSA: n1/n3/n40/n78, 4G FDD: B1/B3/B5/B8/B28, 4G TDD: B40/B41 (120 MHz), 3G WCDMA: B1/B2/B5/B8, 2G GSM: B2/B3/B5/B8",30.73 cm (12.1 inch),"Tablet, Adapter, USB Type-C Cable, Quick Start Guide, Warranty Card, Sim Eject Tool",2560 x 1600 Pixels,8 Megapixels,128 GB,2.4 GHz,Nano Sim,10 Finger Multi-touch,Adreno 710,"Accelerometer, Gyroscope, Ambient Light Sensor, Color Temperature Sensor, Electronic Compass, Hall Sensor",Dual Sim,128 GB,LPDDR4X,1.95 GHz,10000 mAh,Lithium Ion,34.83 Days,50 Hr,Yes,Yes,Yes,8 Megapixels,1920 x 1080 Pixels,30 fps,Yes,Yes,Yes,LED,5X,720p (1280 x 720 (at 30 fps)),Yes,Yes,Yes,Yes,v5.2,1 x USB 2.0,"AAC, LDAC, SBC, aptX, aptX-HD, aptx-adaptive",3.5 mm,"Wi-Fi 6, Wi-Fi 5, Wi-Fi 4, 802.11 a/b/g",3.5 mm,Capacitive,249 PPI,68.7 Billion,IPS LCD,Yes,Yes,Yes,Yes,Yes,"GPS, A-GPS",Google Map,1.5 TB,MicroSD,No,Yes,1 Year,1 Year Domestic Warranty,1 Year,1 Year,,,,,,,,,,,,,,
3,Tables,https://www.flipkart.com/apple-ipad-9th-gen-64-gb-rom-10-2-inch-wi-fi-only-space-grey/p/itmd7d2c4840fa04?pid=TABG6VNCHTRZGN9N&lid=LSTTABG6VNCHTRZGN9NIK0OLT&marketplace=FLIPKART&store=tyy%2Fhry&spotlightTagId=FkPickId_tyy%2Fhry&srno=b_1_7&otracker=nmenu_sub_Electronics_0_Apple%20iPads&fm=organic&iid=a3d4c27a-9046-4e2c-9367-24b5d71f0a5c.TABG6VNCHTRZGN9N.SEARCH&ppt=None&ppn=None&ssid=m5w7fw4sm80000001739455211354,Apple iPad (9th Gen) 64 GB ROM 10.2 inch with Wi-Fi Only (Space Grey),"₹30,149","₹32,900",,"['https://rukminim2.flixcart.com/image/416/416/ktop5e80/tablet/x/9/o/mk2k3hn-a-apple-original-imag6yy7xjjugz4w.jpeg?q=70&crop=false', 'https://rukminim2.flixcart.com/image/416/416/ktop5e80/tablet/v/r/t/mk473hn-a-apple-original-imag6yy7j2hnktfz.jpeg?q=70&crop=false', 'https://rukminim2.flixcart.com/image/416/416/ktop5e80/tablet/s/l/b/mk2k3hn-a-apple-original-imag6yy7wn9are6s.jpeg?q=70&crop=false', 'https://rukminim2.flixcart.com/image/416/416/ktop5e80/tablet/k/k/k/mk2k3hn-a-apple-original-imag6yy7yxawz4gy.jpeg?q=70&crop=false', 'https://rukminim2.flixcart.com/image/416/416/ktop5e80/tablet/z/p/p/mk473hn-a-apple-original-imag6yy7rsevhdah.jpeg?q=70&crop=false', 'https://rukminim2.flixcart.com/image/416/416/ktop5e80/tablet/y/e/5/mk473hn-a-apple-original-imag6yy7kxnd5ewn.jpeg?q=70&crop=false', 'https://rukminim2.flixcart.com/image/416/416/ktop5e80/tablet/1/d/x/mk2k3hn-a-apple-original-imag6yy79ymgfxt7.jpeg?q=70&crop=false', 'https://rukminim2.flixcart.com/image/416/416/ktop5e80/tablet/g/l/f/mk2k3hn-a-apple-original-imag6yy7qqgc5vv4.jpeg?q=70&crop=false', 'https://rukminim2.flixcart.com/image/416/416/ktop5e80/tablet/2/t/c/mk2k3hn-a-apple-original-imag6yy7gmq2zyum.jpeg?q=70&crop=false', 'https://rukminim2.flixcart.com/image/416/416/ktop5e80/tablet/u/p/n/mk2k3hn-a-apple-original-imag6yy7bx9wjefd.jpeg?q=70&crop=false']",MK2K3HN/A,iPad (9th Gen),"Entertainment, For Kids, Reading and Browsing",Space Grey,Wi-Fi Only,iOS,15,,No,,Yes,,,,,A13 Bionic Chip with 64-bit Architecture,,,25.91 cm (10.2 inch),"iPad, Lightning to USB-C Cable, 20W USB-C Power Adapter",2160 x 1620 Pixels,8 megapixels,64 GB,,,Yes,,"Touch ID Sensor, Three-axis Gyro Sensor, Accelerometer, Barometer, Ambient Light Sensor",No Sim,,,,,Lithium Polymer,,,Yes,,Yes,12 Megapixels,"Rear Camera: 1080p (at 25 fps and 30 fps), 720p (at 30 fps), Slow-motion (at 720p at 120 fps), Front Camera: 1080p (at 25 fps, 30 fps or 60 fps) pixels",,Yes,Yes,Yes,,,"Rear Camera: 8MP Wide Camera, f/2.4 Aperture, Five-element Lens, Panorama (up to 43MP), HDR for Photos, Photo Geotagging, Auto Image Stabilisation, Burst Mode, 3x Video Zoom, Time-lapse Video with Stabilisation, Video Image Stabilisation, Cinematic Video Stabilisation (1080p and 720p), Continuous Autofocus Video, Playback Zoom, Video Formats Recorded: HEVC and H.264, FaceTime HD Camera: 12MP Ultra Wide Camera, 122 Degree Field of View, f/2.4 Aperture, HDR for Photos, Time-lapse Video with Stabilisation, Extended Dynamic Range for Video up to 30 fps, Cinematic Video Stabilisation (1080p and 720p), Lens Correction, Retina Flash, Auto Image Stabilisation, Burst Mode",,,,,v4.2,,,,802.11 a/b/g/n/ac,,,264 PPI,,,Yes,Yes,Yes,,,,Maps,,,,,1 Year,1 Year Warranty,1 Year,1 Year,"Video Calling: FaceTime Video, Centre Stage, iPad to any FaceTime-enabled Device over Wi-Fi or Mobile Data, Audio Calling: FaceTime Audio, iPad to any FaceTime-enabled Device over Wi-Fi or Mobile Data, Stereo Speakers, Dual Microphones for Calls, Video Recording and Audio Recording, Digital Compass, iBeacon Micro-location",,5x,Safari,Video Calling through FaceTime Application,"Retina Display, LED-backlit Multi-Touch Display with IPS Technology, True Tone Display, Fingerprint-resistant Oleophobic Coating, Supports Apple Pencil (1st Generation)","H.264, MPEG-4, Motion JPEG (M-JPEG)","AAC (8 to 320 Kbps), Protected AAC (from iTunes Store), HE-AAC, MP3 (8 to 320 Kbps), MP3 VBR, Dolby Digital (AC-3), Dolby Digital Plus (E-AC-3), Audible (formats 2, 3, 4, Audible Enhanced Audio, AAX and AAX+), Apple Lossless, AIFF and WAV",Contact : Ph : (+91)8040455150 / Mail : bangalore_admin@apple.com,,,"DOC, DOCX, Keynote, PDF, PPT, PPTX, TXT, XLS, XLSX",,
3,Tables,https://www.flipkart.com/apple-2024-ipad-air-m2-128-gb-rom-11-0-inch-wi-fi-only-purple/p/itmbc7b5439f2029?pid=TABHYZDZ57CW9BMT&lid=LSTTABHYZDZ57CW9BMTWNQD99&marketplace=FLIPKART&store=tyy%2Fhry&srno=b_1_8&otracker=nmenu_sub_Electronics_0_Apple%20iPads&fm=organic&iid=a3d4c27a-9046-4e2c-9367-24b5d71f0a5c.TABHYZDZ57CW9BMT.SEARCH&ppt=None&ppn=None&ssid=m5w7fw4sm80000001739455211354,Apple 2024 iPad Air (M2) 128 GB ROM 11.0 Inch with Wi-Fi Only (Purple),"₹56,699","₹59,900",,"['https://rukminim2.flixcart.com/image/416/416/xif0q/tablet/p/x/n/-original-imahyp6gszdfnmws.jpeg?q=70&crop=false', 'https://rukminim2.flixcart.com/image/416/416/xif0q/tablet/q/6/3/-original-imahyp6gspfztwmf.jpeg?q=70&crop=false', 'https://rukminim2.flixcart.com/image/416/416/xif0q/tablet/w/h/z/-original-imahyp6gnhnbfggf.jpeg?q=70&crop=false', 'https://rukminim2.flixcart.com/image/416/416/xif0q/tablet/0/h/v/-original-imahyp6ggu5rmpmq.jpeg?q=70&crop=false', 'https://rukminim2.flixcart.com/image/416/416/xif0q/tablet/z/t/q/-original-imahyp6g9fernhtz.jpeg?q=70&crop=false', 'https://rukminim2.flixcart.com/image/416/416/xif0q/tablet/j/b/a/-original-imahyp6gkcyaysdg.jpeg?q=70&crop=false', 'https://rukminim2.flixcart.com/image/416/416/xif0q/tablet/b/4/p/-original-imahyp6gqwb8zcrh.jpeg?q=70&crop=false', 'https://rukminim2.flixcart.com/image/416/416/xif0q/tablet/g/r/o/-original-imahyp6g3kpwrxnd.jpeg?q=70&crop=false', 'https://rukminim2.flixcart.com/image/416/416/xif0q/tablet/m/f/a/-original-imahyp6gbmy4th32.jpeg?q=70&crop=false']",MUWF3HN/A,2024 iPad Air (M2),,Purple,Wi-Fi Only,iOS,17,,No,,,,,,,Apple M2 Chip,,,27.94 cm (11.0 Inch),"iPad Air, USB-C Charge Cable, 20W USB-C Power Adapter",2360 x 1640 Pixel,12 megapixels,128 GB,,,Yes,,"Touch ID, Three-axis Gyro, Accelerometer, Barometer, Ambient Light Sensor",No Sim,,,,,Lithium Polymer,,,Yes,,Yes,12 Megapixels,"4K video recording at 24 fps, 25 fps, 30 fps or 60 fps pixels",,Yes,,Yes,Retina Flash,,"12MP Wide camera, ƒ/1.8 aperture, Digital zoom up to 5x, Five-element lens, Autofocus with Focus Pixels, Panorama (up to 63MP), Smart HDR 4, Wide colour capture for photos and Live Photos, Photo geotagging, Auto image stabilisation, Burst mode, Image formats captured: HEIF and JPEG",,No,,,v5.3,"Yes, USB Type C",,,Wi-Fi 6E (802.11ax) with 2x2 MIMO,,,264 PPI,,Liquid Retina display,Yes,,,,,"GPS, GNSS",,,,,,1 Year,Apple One (1) Year Limited Warranty,1 Year,1 Year,,,5x,,Bluetooth Support,,Video formats captured: HEVC and H.264,"Supported formats include AAC, MP3, Apple Lossless, FLAC, Dolby Digital, Dolby Digital Plus and Dolby Atmos",Carry In,Manufacturing Defects,Physical Damage,,,
3,Tables,https://www.flipkart.com/apple-2024-ipad-air-m2-128-gb-rom-11-0-inch-wi-fi-only-space-grey/p/itm34f4230179cfd?pid=TABHYZDZUEHSK8VH&lid=LSTTABHYZDZUEHSK8VHGYCHYV&marketplace=FLIPKART&store=tyy%2Fhry&srno=b_1_9&otracker=nmenu_sub_Electronics_0_Apple%20iPads&fm=organic&iid=a3d4c27a-9046-4e2c-9367-24b5d71f0a5c.TABHYZDZUEHSK8VH.SEARCH&ppt=None&ppn=None&ssid=m5w7fw4sm80000001739455211354,Apple 2024 iPad Air (M2) 128 GB ROM 11.0 Inch with Wi-Fi Only (Space Grey),"₹54,699","₹59,900",,"['https://rukminim2.flixcart.com/image/416/416/xif0q/tablet/w/p/r/-original-imahyp6gugx6vzqn.jpeg?q=70&crop=false', 'https://rukminim2.flixcart.com/image/416/416/xif0q/tablet/a/c/e/-original-imahyp6g6z9yaagu.jpeg?q=70&crop=false', 'https://rukminim2.flixcart.com/image/416/416/xif0q/tablet/e/t/l/-original-imahyp6getdcr5u7.jpeg?q=70&crop=false', 'https://rukminim2.flixcart.com/image/416/416/xif0q/tablet/w/h/z/-original-imahyp6gnhnbfggf.jpeg?q=70&crop=false', 'https://rukminim2.flixcart.com/image/416/416/xif0q/tablet/0/h/v/-original-imahyp6ggu5rmpmq.jpeg?q=70&crop=false', 'https://rukminim2.flixcart.com/image/416/416/xif0q/tablet/z/t/q/-original-imahyp6g9fernhtz.jpeg?q=70&crop=false', 'https://rukminim2.flixcart.com/image/416/416/xif0q/tablet/j/b/a/-original-imahyp6gkcyaysdg.jpeg?q=70&crop=false', 'https://rukminim2.flixcart.com/image/416/416/xif0q/tablet/d/k/z/-original-imahyp6g55h25zzd.jpeg?q=70&crop=false', 'https://rukminim2.flixcart.com/image/416/416/xif0q/tablet/a/a/1/-original-imahyp6gfggwfyg8.jpeg?q=70&crop=false', 'https://rukminim2.flixcart.com/image/416/416/xif0q/tablet/7/k/t/-original-imahyp6gjhydhutc.jpeg?q=70&crop=false']",MUWC3HN/A,2024 iPad Air (M2),,Space Grey,Wi-Fi Only,iOS,17,,No,,,,,,,Apple M2 Chip,,,27.94 cm (11.0 Inch),"iPad Air, USB-C Charge Cable, 20W USB-C Power Adapter",2360 x 1640 Pixel,12 megapixels,128 GB,,,Yes,,"Touch ID, Three-axis Gyro, Accelerometer, Barometer, Ambient Light Sensor",No Sim,,,,,Lithium Polymer,,,Yes,,Yes,12 Megapixels,"4K video recording at 24 fps, 25 fps, 30 fps or 60 fps pixels",,Yes,,Yes,Retina Flash,,"12MP Wide camera, ƒ/1.8 aperture, Digital zoom up to 5x, Five-element lens, Autofocus with Focus Pixels, Panorama (up to 63MP), Smart HDR 4, Wide colour capture for photos and Live Photos, Photo geotagging, Auto image stabilisation, Burst mode, Image formats captured: HEIF and JPEG",,No,,,v5.3,"Yes, USB Type C",,,Wi-Fi 6E (802.11ax) with 2x2 MIMO,,,264 PPI,,Liquid Retina display,Yes,,,,,"GPS, GNSS",,,,,,1 Year,Apple One (1) Year Limited Warranty,1 Year,1 Year,,,5x,,Bluetooth Support,,Video formats captured: HEVC and H.264,"Supported formats include AAC, MP3, Apple Lossless, FLAC, Dolby Digital, Dolby Digital Plus and Dolby Atmos",Carry In,Manufacturing Defects,Physical Damage,,,
3,Tables,https://www.flipkart.com/apple-ipad-10th-gen-64-gb-rom-10-9-inch-wi-fi-5g-pink/p/itmaf20456d05879?pid=TABGJ6XUMY3JK88K&lid=LSTTABGJ6XUMY3JK88KKMHPM6&marketplace=FLIPKART&store=tyy%2Fhry&srno=b_1_10&otracker=nmenu_sub_Electronics_0_Apple%20iPads&fm=organic&iid=a3d4c27a-9046-4e2c-9367-24b5d71f0a5c.TABGJ6XUMY3JK88K.SEARCH&ppt=None&ppn=None&ssid=m5w7fw4sm80000001739455211354,Apple iPad (10th Gen) 64 GB ROM 10.9 inch with Wi-Fi+5G (Pink),"₹48,649","₹49,900",,"['https://rukminim2.flixcart.com/image/416/416/xif0q/tablet/m/z/d/-original-imagj72twxxe5rgz.jpeg?q=70&crop=false', 'https://rukminim2.flixcart.com/image/416/416/xif0q/tablet/w/p/v/-original-imagj72tg8wnjx2h.jpeg?q=70&crop=false', 'https://rukminim2.flixcart.com/image/416/416/xif0q/tablet/l/e/q/-original-imagj72t2hbnde8j.jpeg?q=70&crop=false', 'https://rukminim2.flixcart.com/image/416/416/xif0q/tablet/t/e/b/-original-imagj72trbzxfq6g.jpeg?q=70&crop=false', 'https://rukminim2.flixcart.com/image/416/416/xif0q/tablet/r/c/2/-original-imagj72twwjurfjg.jpeg?q=70&crop=false', 'https://rukminim2.flixcart.com/image/416/416/xif0q/tablet/e/m/u/-original-imagj72tw9ygbpuf.jpeg?q=70&crop=false', 'https://rukminim2.flixcart.com/image/416/416/xif0q/tablet/i/9/j/-original-imagj72tr6j2v2qh.jpeg?q=70&crop=false', 'https://rukminim2.flixcart.com/image/416/416/xif0q/tablet/n/j/a/-original-imagj72tu4aahxcg.jpeg?q=70&crop=false']",MQ6M3HN/A,iPad (10th Gen),"Entertainment, For Kids, Reading and Browsing",Pink,Wi-Fi+5G,iPadOS,16,,No,Full HD,,,,"5G, 4G LTE, UMTS, GSM",,A14 Bionic Chip (64-bit Architecture) with Neural Engine,,,27.69 cm (10.9 inch),"iPad, USB Type C Charge Cable (1 metre), 20 W USB Type C Power Adapter",2360 x 1640 Pixel,12 megapixels,64 GB,,Nano SIM,Yes,,"Touch ID, Three‐axis gyro, Accelerometer, Barometer, Ambient light sensor",Single Sim,64 GB,,,,Lithium Polymer,,,Yes,,Yes,12 Megapixels,"4K, 1080P, 720P pixels",,Yes,Yes,Yes,Retina Flash,Yes,"Rear Camera: 12MP Wide camera, ƒ/1.8 aperture, Digital zoom up to 5x, Five-element lens, Autofocus with Focus Pixels, Panorama (up to 63MP) ,Smart HDR 3, Photo geotagging, Auto image stabilisation, Burst mode, mage formats captured: HEIF and JPEG. Front Camera: Landscape 12MP Ultra Wide camera, 122° field of view, ƒ/2.4 aperture, Smart HDR 3, 1080p HD video recording at 25 fps, 30 fps or 60 fps, Time-lapse video with stabilisation, Extended dynamic range for video up to 30 fps, Cinematic video stabilisation (1080p and 720p), Lens correction, Retina Flash, Auto image stabilisation, Burst mode",,Yes,,Yes,v5.2,"Yes, USB Type C",,,802.11ax (Wi-Fi 6),,,264 PPI,,Liquid Retina Display,Yes,Yes,,,Yes,"GPS, GNSS",Maps,,,,,1 Year,1 Year Limited Hardware Warranty,1 Year,1 Year,"Landscape Stereo Speakers, Dual Microphones for Calls, Video Recording and Audio Recording, Video Calling (FaceTime Video): iPad to Any FaceTime Enabled Device over Wi-Fi or Cellular, Audio Calling (FaceTime Audio): iPad to Any FaceTime Enabled Device over Wi-Fi or Cellular, Digital Compass, iBeacon Micro Location, Accessibility Features: VoiceOver, Magnifier, Closed Captions, Voice Control, Siri and Dictation, AssistiveTouch, Zoom, Switch Control, Speak Screen",Upto 9 hrs,5x,Safari,"Bluetooth Support, 2.4 GHz and 5 GHz Dual Band Wireless Connectivity, HT80 with MIMO","LED backlit Multi-Touch display with IPS technology, True Tone display, 500 nits brightness, Fingerprint-resistant oleophobic coating","Video Formats Supported Include HEVC and H.264, Supports Dolby Vision and HDR10 content","Supported formats include AAC, MP3, Apple Lossless, FLAC, Dolby Digital, Dolby Digital Plus and Dolby Atmos, User-conﬁgurable maximum volume limit",Carry In,Manufacturing Defects,Physical Damage,,,
3,Tables,https://www.flipkart.com/apple-ipad-9th-gen-64-gb-rom-10-2-inch-wi-fi-only-silver/p/itmd7d2c4840fa04?pid=TABG6VNCSZF7FBZJ&lid=LSTTABG6VNCSZF7FBZJMYWZER&marketplace=FLIPKART&store=tyy%2Fhry&srno=b_1_11&otracker=nmenu_sub_Electronics_0_Apple%20iPads&fm=organic&iid=a3d4c27a-9046-4e2c-9367-24b5d71f0a5c.TABG6VNCSZF7FBZJ.SEARCH&ppt=None&ppn=None&ssid=m5w7fw4sm80000001739455211354,Apple iPad (9th Gen) 64 GB ROM 10.2 inch with Wi-Fi Only (Silver),"₹32,349","₹32,900",,"['https://rukminim2.flixcart.com/image/416/416/ktop5e80/tablet/6/o/s/mk2p3hn-a-apple-original-imag6yy8deumbvxz.jpeg?q=70&crop=false', 'https://rukminim2.flixcart.com/image/416/416/ktop5e80/tablet/v/r/t/mk473hn-a-apple-original-imag6yy7j2hnktfz.jpeg?q=70&crop=false', 'https://rukminim2.flixcart.com/image/416/416/ktop5e80/tablet/u/v/t/mk2p3hn-a-apple-original-imag6yy8aezdwncr.jpeg?q=70&crop=false', 'https://rukminim2.flixcart.com/image/416/416/ktop5e80/tablet/0/a/k/mk2p3hn-a-apple-original-imag6yy8wuya9qtr.jpeg?q=70&crop=false', 'https://rukminim2.flixcart.com/image/416/416/ktop5e80/tablet/z/p/p/mk473hn-a-apple-original-imag6yy7rsevhdah.jpeg?q=70&crop=false', 'https://rukminim2.flixcart.com/image/416/416/ktop5e80/tablet/y/e/5/mk473hn-a-apple-original-imag6yy7kxnd5ewn.jpeg?q=70&crop=false', 'https://rukminim2.flixcart.com/image/416/416/ktop5e80/tablet/1/d/x/mk2k3hn-a-apple-original-imag6yy79ymgfxt7.jpeg?q=70&crop=false', 'https://rukminim2.flixcart.com/image/416/416/ktop5e80/tablet/g/l/f/mk2k3hn-a-apple-original-imag6yy7qqgc5vv4.jpeg?q=70&crop=false', 'https://rukminim2.flixcart.com/image/416/416/ktop5e80/tablet/b/a/l/mk2p3hn-a-apple-original-imag6yy8rtruck3g.jpeg?q=70&crop=false', 'https://rukminim2.flixcart.com/image/416/416/ktop5e80/tablet/o/v/4/mk2p3hn-a-apple-original-imag6yy8ydzyddeq.jpeg?q=70&crop=false']",MK2L3HN/A,iPad (9th Gen),"Entertainment, For Kids, Reading and Browsing",Silver,Wi-Fi Only,iOS,15,,No,,Yes,,,,,A13 Bionic Chip with 64-bit Architecture,,,25.91 cm (10.2 inch),"iPad, Lightning to USB-C Cable, 20W USB-C Power Adapter",2160 x 1620 Pixels,8 megapixels,64 GB,,,Yes,,"Touch ID Sensor, Three-axis Gyro Sensor, Accelerometer, Barometer, Ambient Light Sensor",No Sim,,,,,Lithium Polymer,,,Yes,,Yes,12 Megapixels,"Rear Camera: 1080p (at 25 fps and 30 fps), 720p (at 30 fps), Slow-motion (at 720p at 120 fps), Front Camera: 1080p (at 25 fps, 30 fps or 60 fps) pixels",,Yes,Yes,Yes,,,"Rear Camera: 8MP Wide Camera, f/2.4 Aperture, Five-element Lens, Panorama (up to 43MP), HDR for Photos, Photo Geotagging, Auto Image Stabilisation, Burst Mode, 3x Video Zoom, Time-lapse Video with Stabilisation, Video Image Stabilisation, Cinematic Video Stabilisation (1080p and 720p), Continuous Autofocus Video, Playback Zoom, Video Formats Recorded: HEVC and H.264, FaceTime HD Camera: 12MP Ultra Wide Camera, 122 Degree Field of View, f/2.4 Aperture, HDR for Photos, Time-lapse Video with Stabilisation, Extended Dynamic Range for Video up to 30 fps, Cinematic Video Stabilisation (1080p and 720p), Lens Correction, Retina Flash, Auto Image Stabilisation, Burst Mode",,,,,v4.2,,,,802.11 a/b/g/n/ac,,,264 PPI,,,Yes,Yes,Yes,,,,Maps,,,,,1 Year,1 Year Warranty,1 Year,1 Year,"Video Calling: FaceTime Video, Centre Stage, iPad to any FaceTime-enabled Device over Wi-Fi or Mobile Data, Audio Calling: FaceTime Audio, iPad to any FaceTime-enabled Device over Wi-Fi or Mobile Data, Stereo Speakers, Dual Microphones for Calls, Video Recording and Audio Recording, Digital Compass, iBeacon Micro-location",,5x,Safari,Video Calling through FaceTime Application,"Retina Display, LED-backlit Multi-Touch Display with IPS Technology, True Tone Display, Fingerprint-resistant Oleophobic Coating, Supports Apple Pencil (1st Generation)","H.264, MPEG-4, Motion JPEG (M-JPEG)","AAC (8 to 320 Kbps), Protected AAC (from iTunes Store), HE-AAC, MP3 (8 to 320 Kbps), MP3 VBR, Dolby Digital (AC-3), Dolby Digital Plus (E-AC-3), Audible (formats 2, 3, 4, Audible Enhanced Audio, AAX and AAX+), Apple Lossless, AIFF and WAV",,,,"DOC, DOCX, Keynote, PDF, PPT, PPTX, TXT, XLS, XLSX",,
3,Tables,https://www.flipkart.com/apple-ipad-10th-gen-64-gb-rom-10-9-inch-wi-fi-5g-silver/p/itmd486c16ac081f?pid=TABGJ6XU2NWAGKRH&lid=LSTTABGJ6XU2NWAGKRHJSNI3C&marketplace=FLIPKART&store=tyy%2Fhry&srno=b_1_12&otracker=nmenu_sub_Electronics_0_Apple%20iPads&fm=organic&iid=a3d4c27a-9046-4e2c-9367-24b5d71f0a5c.TABGJ6XU2NWAGKRH.SEARCH&ppt=None&ppn=None&ssid=m5w7fw4sm80000001739455211354,Apple iPad (10th Gen) 64 GB ROM 10.9 inch with Wi-Fi+5G (Silver),"₹45,949","₹49,900",,"['https://rukminim2.flixcart.com/image/416/416/xif0q/tablet/x/z/7/-original-imagj72tqndg7rps.jpeg?q=70&crop=false', 'https://rukminim2.flixcart.com/image/416/416/xif0q/tablet/w/p/v/-original-imagj72tg8wnjx2h.jpeg?q=70&crop=false', 'https://rukminim2.flixcart.com/image/416/416/xif0q/tablet/l/e/q/-original-imagj72t2hbnde8j.jpeg?q=70&crop=false', 'https://rukminim2.flixcart.com/image/416/416/xif0q/tablet/t/e/b/-original-imagj72trbzxfq6g.jpeg?q=70&crop=false', 'https://rukminim2.flixcart.com/image/416/416/xif0q/tablet/r/c/2/-original-imagj72twwjurfjg.jpeg?q=70&crop=false', 'https://rukminim2.flixcart.com/image/416/416/xif0q/tablet/e/m/u/-original-imagj72tw9ygbpuf.jpeg?q=70&crop=false', 'https://rukminim2.flixcart.com/image/416/416/xif0q/tablet/i/9/j/-original-imagj72tr6j2v2qh.jpeg?q=70&crop=false', 'https://rukminim2.flixcart.com/image/416/416/xif0q/tablet/y/e/g/-original-imagj72tn3d4j9ec.jpeg?q=70&crop=false']",MQ6J3HN/A,iPad (10th Gen),"Entertainment, For Kids, Reading and Browsing",Silver,Wi-Fi+5G,iPadOS,16,,No,Full HD,,,,"5G, 4G LTE, UMTS, GSM",,A14 Bionic Chip (64-bit Architecture) with Neural Engine,,,27.69 cm (10.9 inch),"iPad, USB Type C Charge Cable (1 metre), 20 W USB Type C Power Adapter",2360 x 1640 Pixel,12 megapixels,64 GB,,Nano SIM,Yes,,"Touch ID, Three‐axis gyro, Accelerometer, Barometer, Ambient light sensor",Single Sim,64 GB,,,,Lithium Polymer,,,Yes,,Yes,12 Megapixels,"4K, 1080P, 720P pixels",,Yes,Yes,Yes,Retina Flash,Yes,"Rear Camera: 12MP Wide camera, ƒ/1.8 aperture, Digital zoom up to 5x, Five-element lens, Autofocus with Focus Pixels, Panorama (up to 63MP) ,Smart HDR 3, Photo geotagging, Auto image stabilisation, Burst mode, mage formats captured: HEIF and JPEG. Front Camera: Landscape 12MP Ultra Wide camera, 122° field of view, ƒ/2.4 aperture, Smart HDR 3, 1080p HD video recording at 25 fps, 30 fps or 60 fps, Time-lapse video with stabilisation, Extended dynamic range for video up to 30 fps, Cinematic video stabilisation (1080p and 720p), Lens correction, Retina Flash, Auto image stabilisation, Burst mode",,Yes,,Yes,v5.2,"Yes, USB Type C",,,802.11ax (Wi-Fi 6),,,264 PPI,,Liquid Retina Display,Yes,Yes,,,Yes,"GPS, GNSS",Maps,,,,,1 Year,1 Year Limited Hardware Warranty,1 Year,1 Year,"Landscape Stereo Speakers, Dual Microphones for Calls, Video Recording and Audio Recording, Video Calling (FaceTime Video): iPad to Any FaceTime Enabled Device over Wi-Fi or Cellular, Audio Calling (FaceTime Audio): iPad to Any FaceTime Enabled Device over Wi-Fi or Cellular, Digital Compass, iBeacon Micro Location, Accessibility Features: VoiceOver, Magnifier, Closed Captions, Voice Control, Siri and Dictation, AssistiveTouch, Zoom, Switch Control, Speak Screen",Upto 9 hrs,5x,Safari,"Bluetooth Support, 2.4 GHz and 5 GHz Dual Band Wireless Connectivity, HT80 with MIMO","LED backlit Multi-Touch display with IPS technology, True Tone display, 500 nits brightness, Fingerprint-resistant oleophobic coating","Video Formats Supported Include HEVC and H.264, Supports Dolby Vision and HDR10 content","Supported formats include AAC, MP3, Apple Lossless, FLAC, Dolby Digital, Dolby Digital Plus and Dolby Atmos, User-conﬁgurable maximum volume limit",Carry In,Manufacturing Defects,Physical Damage,,,
3,Tables,https://www.flipkart.com/apple-ipad-10th-gen-64-gb-rom-10-9-inch-wi-fi-5g-yellow/p/itmf1a64e377c0c0?pid=TABGJ6XU95CPJFYT&lid=LSTTABGJ6XU95CPJFYTKCRVYN&marketplace=FLIPKART&store=tyy%2Fhry&srno=b_1_13&otracker=nmenu_sub_Electronics_0_Apple%20iPads&fm=organic&iid=a3d4c27a-9046-4e2c-9367-24b5d71f0a5c.TABGJ6XU95CPJFYT.SEARCH&ppt=None&ppn=None&ssid=m5w7fw4sm80000001739455211354,Apple iPad (10th Gen) 64 GB ROM 10.9 inch with Wi-Fi+5G (Yellow),"₹49,099","₹49,900",,"['https://rukminim2.flixcart.com/image/416/416/xif0q/tablet/a/x/v/-original-imagj72tu9qfjzrm.jpeg?q=70&crop=false', 'https://rukminim2.flixcart.com/image/416/416/xif0q/tablet/w/p/v/-original-imagj72tg8wnjx2h.jpeg?q=70&crop=false', 'https://rukminim2.flixcart.com/image/416/416/xif0q/tablet/l/e/q/-original-imagj72t2hbnde8j.jpeg?q=70&crop=false', 'https://rukminim2.flixcart.com/image/416/416/xif0q/tablet/t/e/b/-original-imagj72trbzxfq6g.jpeg?q=70&crop=false', 'https://rukminim2.flixcart.com/image/416/416/xif0q/tablet/r/c/2/-original-imagj72twwjurfjg.jpeg?q=70&crop=false', 'https://rukminim2.flixcart.com/image/416/416/xif0q/tablet/e/m/u/-original-imagj72tw9ygbpuf.jpeg?q=70&crop=false', 'https://rukminim2.flixcart.com/image/416/416/xif0q/tablet/i/9/j/-original-imagj72tr6j2v2qh.jpeg?q=70&crop=false', 'https://rukminim2.flixcart.com/image/416/416/xif0q/tablet/w/v/d/-original-imagj72thqwzwjtp.jpeg?q=70&crop=false']",MQ6L3HN/A,iPad (10th Gen),"Entertainment, For Kids, Reading and Browsing",Yellow,Wi-Fi+5G,iPadOS,16,,No,Full HD,,,,"5G, 4G LTE, UMTS, GSM",,A14 Bionic Chip (64-bit Architecture) with Neural Engine,,,27.69 cm (10.9 inch),"iPad, USB Type C Charge Cable (1 metre), 20 W USB Type C Power Adapter",2360 x 1640 Pixel,12 megapixels,64 GB,,Nano SIM,Yes,,"Touch ID, Three‐axis gyro, Accelerometer, Barometer, Ambient light sensor",Single Sim,64 GB,,,,Lithium Polymer,,,Yes,,Yes,12 Megapixels,"4K, 1080P, 720P pixels",,Yes,Yes,Yes,Retina Flash,Yes,"Rear Camera: 12MP Wide camera, ƒ/1.8 aperture, Digital zoom up to 5x, Five-element lens, Autofocus with Focus Pixels, Panorama (up to 63MP) ,Smart HDR 3, Photo geotagging, Auto image stabilisation, Burst mode, mage formats captured: HEIF and JPEG. Front Camera: Landscape 12MP Ultra Wide camera, 122° field of view, ƒ/2.4 aperture, Smart HDR 3, 1080p HD video recording at 25 fps, 30 fps or 60 fps, Time-lapse video with stabilisation, Extended dynamic range for video up to 30 fps, Cinematic video stabilisation (1080p and 720p), Lens correction, Retina Flash, Auto image stabilisation, Burst mode",,Yes,,Yes,v5.2,"Yes, USB Type C",,,802.11ax (Wi-Fi 6),,,264 PPI,,Liquid Retina Display,Yes,Yes,,,Yes,"GPS, GNSS",Maps,,,,,1 Year,1 Year Limited Hardware Warranty,1 Year,1 Year,"Landscape Stereo Speakers, Dual Microphones for Calls, Video Recording and Audio Recording, Video Calling (FaceTime Video): iPad to Any FaceTime Enabled Device over Wi-Fi or Cellular, Audio Calling (FaceTime Audio): iPad to Any FaceTime Enabled Device over Wi-Fi or Cellular, Digital Compass, iBeacon Micro Location, Accessibility Features: VoiceOver, Magnifier, Closed Captions, Voice Control, Siri and Dictation, AssistiveTouch, Zoom, Switch Control, Speak Screen",Upto 9 hrs,5x,Safari,"Bluetooth Support, 2.4 GHz and 5 GHz Dual Band Wireless Connectivity, HT80 with MIMO","LED backlit Multi-Touch display with IPS technology, True Tone display, 500 nits brightness, Fingerprint-resistant oleophobic coating","Video Formats Supported Include HEVC and H.264, Supports Dolby Vision and HDR10 content","Supported formats include AAC, MP3, Apple Lossless, FLAC, Dolby Digital, Dolby Digital Plus and Dolby Atmos, User-conﬁgurable maximum volume limit",Carry In,Manufacturing Defects,Physical Damage,,,
3,Tables,https://www.flipkart.com/apple-ipad-pro-2021-3rd-generation-16-gb-ram-2-tb-rom-11-inches-wi-fi-only-silver/p/itm58ef9ed90c054?pid=TABG2DM4AZPZJ32X&lid=LSTTABG2DM4AZPZJ32XLMDVLF&marketplace=FLIPKART&store=tyy%2Fhry&srno=b_1_14&otracker=nmenu_sub_Electronics_0_Apple%20iPads&fm=organic&iid=a3d4c27a-9046-4e2c-9367-24b5d71f0a5c.TABG2DM4AZPZJ32X.SEARCH&ppt=None&ppn=None&ssid=m5w7fw4sm80000001739455211354,Apple iPad Pro 2021 (3rd Generation) 16 GB RAM 2 TB ROM 11 inches with Wi-Fi Only (Silver),"₹1,70,900",,,"['https://rukminim2.flixcart.com/image/416/416/kohigsw0/tablet/v/i/6/mhqt3hn-a-apple-original-imag2xddxwgg8fer.jpeg?q=70&crop=false', 'https://rukminim2.flixcart.com/image/416/416/kohigsw0/tablet/v/i/6/mhqt3hn-a-apple-original-imag2xddxwgg8fer.jpeg?q=70&crop=false', 'https://rukminim2.flixcart.com/image/416/416/kohigsw0/tablet/9/i/b/mhqt3hn-a-apple-original-imag2xdduhhg7fmu.jpeg?q=70&crop=false', 'https://rukminim2.flixcart.com/image/416/416/kohigsw0/tablet/e/r/q/mhqt3hn-a-apple-original-imag2xddhs6tzjh9.jpeg?q=70&crop=false', 'https://rukminim2.flixcart.com/image/416/416/kohigsw0/tablet/i/y/v/mhqt3hn-a-apple-original-imag2xddeptafk7q.jpeg?q=70&crop=false', 'https://rukminim2.flixcart.com/image/416/416/kohigsw0/tablet/h/w/y/mhqt3hn-a-apple-original-imag2xddu3p5dy4q.jpeg?q=70&crop=false', 'https://rukminim2.flixcart.com/image/416/416/kohigsw0/tablet/f/k/g/mhqt3hn-a-apple-original-imag2xddkyqs6vjg.jpeg?q=70&crop=false', 'https://rukminim2.flixcart.com/image/416/416/kohigsw0/tablet/s/5/x/mhqt3hn-a-apple-original-imag2xdd2zfpxhdh.jpeg?q=70&crop=false', 'https://rukminim2.flixcart.com/image/416/416/kohigsw0/tablet/e/a/w/mhqt3hn-a-apple-original-imag2xdda7umgpwj.jpeg?q=70&crop=false', 'https://rukminim2.flixcart.com/image/416/416/kohigsw0/tablet/c/g/c/mhqt3hn-a-apple-original-imag2xdd37zjhrhr.jpeg?q=70&crop=false', 'https://rukminim2.flixcart.com/image/416/416/kod858w0/tablet/w/e/w/mhqr3hn-a-apple-original-imag2ujnbjj2hkg3.jpeg?q=70&crop=false']",MHR33HN/A,iPad Pro 2021 (3rd Generation),"Entertainment, High Processing Tasks",Silver,Wi-Fi Only,iPadOS,14,16 GB,No,Quad HD,,Yes,,,,,,,27.94 cm (11 inches),"iPad Pro, USB-C Charge Cable (1 metre), 20W USB-C Power Adapter",2388 x 1668 Pixels,12.0 megapixels,2 TB,,,Yes,,"Face ID Sensor, LiDAR Scanner Sensor, Three-Axis Gyro Sensor, Accelerometer Sensor, Barometer Sensor, Ambient Light Sensor",No Sim,2 TB,,,,Lithium Polymer,,,Yes,,Yes,12 Megapixels,,,Yes,Yes,Yes,Rear Camera - Brighter True Tone flash | Front Camera - Retina Flash,Yes,"Pro Camera System: Wide and Ultra Wide cameras, Wide: 12MP, f/1.8 Aperture, Ultra Wide: 10MP, f/2.4 Aperture and 125 degree Field of view, 2x Optical Zoom out, Digital Zoom up to 5x, Five-Element Lens (Wide and Ultra Wide), Brighter True Tone flash, Panorama (up to 63MP), Sapphire Crystal Lens Cover, Autofocus with Focus Pixels (Wide), Smart HDR 3, Wide Colour Capture for Photos and Live Photos, Lens Correction (Ultra Wide), Advanced Red-Eye Correction, Photo Geotagging, Auto Image Stabilisation, Burst mode, Image Formats Captured: HEIF and JPEG, 12MP Ultra Wide camera, 122 degree field of view, f/2.4 aperture, Portrait mode with advanced bokeh and Depth Control, Portrait Lighting with six effects (Natural, Studio, Contour, Stage, Stage Mono, High-Key Mono), Animoji and Memoji, Smart HDR 3, 1080p HD video recording at 25 fps, 30 fps or 60 fps, Time-lapse video with stabilisation, Extended dynamic range for video up to 30 fps, Cinematic video stabilisation (1080p and 720p), Wide colour capture for photos and Live Photos, Lens correction, Retina Flash, Auto image stabilisation, Burst mode",,,,,v5.0,Type C USB,,,802.11 ax (2.4 GHz | 5 GHz) Wi-Fi 6,,Multi-Touch,264 PPI,,Liquid�Retina�Display,Yes,Yes,Yes,,,,Maps,,,,,1 Year,1 Year Warranty,,1 Year,"FaceTime Video, Centre Stage, iPad to any FaceTime-Enabled Device over Wi-Fi or Cellular, FaceTime Audio, Four Speaker Audio, Five Studio-Quality Microphones for calls, Video Recording and Audio Recording, Enabled by TrueDepth Camera for Facial Recognition, Unlock iPad, Secure Personal Data within Apps, Make purchases from the iTunes Store and the App Store, Use your voice to Send Messages, Set Reminders and more, Get Proactive Suggestions, Use Hands-Free, Listen to and identify Songs, Built-in 28.65-Watt-Hour Rechargeable Battery, VoiceOver, Magnifier, Closed Captions, Voice Control, Siri and Dictation, AssistiveTouch, Zoom, Switch Control, Speak Screen, Apple Pencil, Magic Keyboard, Next Level Performance",,Yes,,HT80 with MIMO,"LED Backlit Multi-touch IPS Display, Promotion Technology, Wide Color Display, True Tone Display, Fully Laminated Display, Antireflective Coating, Fingerprint-resistant Oleophobic Coating","HEVC, H.264, MPEG-4 Part 2, Motion JPEG, HDR with Dolby Vision, HDR10 and HLG","AAC-LC, HE-AAC, HE-AAC v2, Protected AAC, MP3, Linear PCM, Apple Lossless, FLAC, Dolby Digital (AC-3), Dolby Digital Plus (E-AC-3), Dolby Atmos and Audible (formats 2, 3, 4, Audible Enhanced Audio, AAX and AAX+), Spatial Audio Playback, User-Con?gurable Maximum Volume Limit",NA,,,"App Store, Books, Calendar, Camera, Clock, Contacts, FaceTime, Files, Find My, Home, iTunes Store, Mail, Maps, Measure, Messages, Music, Notes, Photo Booth, Photos, Podcasts, Reminders, Safari, Settings, Shortcuts, Siri, Stocks, Tips, TV, Voice Memos, Pages, Numbers, Keynote, iMovie, GarageBand, Music Memos, Clips, Swift Playgrounds, Support","Up to 10 hours of Surfing the Web on Wi-Fi or Watching Video, Charging Via Power Adapter or USB-C to Computer System",
3,Tables,https://www.flipkart.com/apple-2024-ipad-air-m2-128-gb-rom-11-0-inch-wi-fi-only-starlight/p/itm2a7c92930675c?pid=TABHYZDZFATRBYYW&lid=LSTTABHYZDZFATRBYYWWDFZXO&marketplace=FLIPKART&store=tyy%2Fhry&srno=b_1_15&otracker=nmenu_sub_Electronics_0_Apple%20iPads&fm=organic&iid=a3d4c27a-9046-4e2c-9367-24b5d71f0a5c.TABHYZDZFATRBYYW.SEARCH&ppt=None&ppn=None&ssid=m5w7fw4sm80000001739455211354,Apple 2024 iPad Air (M2) 128 GB ROM 11.0 Inch with Wi-Fi Only (Starlight),"₹56,499","₹59,900",,"['https://rukminim2.flixcart.com/image/416/416/xif0q/tablet/g/2/v/-original-imahyp6jsqabfqyh.jpeg?q=70&crop=false', 'https://rukminim2.flixcart.com/image/416/416/xif0q/tablet/r/p/s/-original-imahyp6j5hq2d77e.jpeg?q=70&crop=false', 'https://rukminim2.flixcart.com/image/416/416/xif0q/tablet/s/h/j/-original-imahyp6jwzxgyrme.jpeg?q=70&crop=false', 'https://rukminim2.flixcart.com/image/416/416/xif0q/tablet/w/h/z/-original-imahyp6gnhnbfggf.jpeg?q=70&crop=false', 'https://rukminim2.flixcart.com/image/416/416/xif0q/tablet/0/h/v/-original-imahyp6ggu5rmpmq.jpeg?q=70&crop=false', 'https://rukminim2.flixcart.com/image/416/416/xif0q/tablet/z/t/q/-original-imahyp6g9fernhtz.jpeg?q=70&crop=false', 'https://rukminim2.flixcart.com/image/416/416/xif0q/tablet/j/b/a/-original-imahyp6gkcyaysdg.jpeg?q=70&crop=false', 'https://rukminim2.flixcart.com/image/416/416/xif0q/tablet/b/4/p/-original-imahyp6gqwb8zcrh.jpeg?q=70&crop=false', 'https://rukminim2.flixcart.com/image/416/416/xif0q/tablet/i/l/2/-original-imahyp6j4nmq6wpa.jpeg?q=70&crop=false', 'https://rukminim2.flixcart.com/image/416/416/xif0q/tablet/t/i/p/-original-imahyp6jesapxhzd.jpeg?q=70&crop=false']",MUWE3HN/A,2024 iPad Air (M2),,Starlight,Wi-Fi Only,iOS,17,,No,,,,,,,Apple M2 Chip,,,27.94 cm (11.0 Inch),"iPad Air, USB-C Charge Cable, 20W USB-C Power Adapter",2360 x 1640 Pixel,12 megapixels,128 GB,,,Yes,,"Touch ID, Three-axis Gyro, Accelerometer, Barometer, Ambient Light Sensor",No Sim,,,,,Lithium Polymer,,,Yes,,Yes,12 Megapixels,"4K video recording at 24 fps, 25 fps, 30 fps or 60 fps pixels",,Yes,,Yes,Retina Flash,,"12MP Wide camera, ƒ/1.8 aperture, Digital zoom up to 5x, Five-element lens, Autofocus with Focus Pixels, Panorama (up to 63MP), Smart HDR 4, Wide colour capture for photos and Live Photos, Photo geotagging, Auto image stabilisation, Burst mode, Image formats captured: HEIF and JPEG",,No,,,v5.3,"Yes, USB Type C",,,Wi-Fi 6E (802.11ax) with 2x2 MIMO,,,264 PPI,,Liquid Retina display,Yes,,,,,"GPS, GNSS",,,,,,1 Year,Apple One (1) Year Limited Warranty,1 Year,1 Year,,,5x,,Bluetooth Support,,Video formats captured: HEVC and H.264,"Supported formats include AAC, MP3, Apple Lossless, FLAC, Dolby Digital, Dolby Digital Plus and Dolby Atmos",Carry In,Manufacturing Defects,Physical Damage,,,
3,Tables,https://www.flipkart.com/apple-ipad-10th-gen-64-gb-rom-10-9-inch-wi-fi-5g-blue/p/itm5d7707aeb1a78?pid=TABGJ6XUZ3X7KY44&lid=LSTTABGJ6XUZ3X7KY44IGUSGS&marketplace=FLIPKART&store=tyy%2Fhry&srno=b_1_16&otracker=nmenu_sub_Electronics_0_Apple%20iPads&fm=organic&iid=a3d4c27a-9046-4e2c-9367-24b5d71f0a5c.TABGJ6XUZ3X7KY44.SEARCH&ppt=None&ppn=None&ssid=m5w7fw4sm80000001739455211354,Apple iPad (10th Gen) 64 GB ROM 10.9 inch with Wi-Fi+5G (Blue),"₹46,849","₹49,900",,"['https://rukminim2.flixcart.com/image/416/416/xif0q/tablet/z/u/o/-original-imagj72tg8dj3sgx.jpeg?q=70&crop=false', 'https://rukminim2.flixcart.com/image/416/416/xif0q/tablet/w/p/v/-original-imagj72tg8wnjx2h.jpeg?q=70&crop=false', 'https://rukminim2.flixcart.com/image/416/416/xif0q/tablet/l/e/q/-original-imagj72t2hbnde8j.jpeg?q=70&crop=false', 'https://rukminim2.flixcart.com/image/416/416/xif0q/tablet/t/e/b/-original-imagj72trbzxfq6g.jpeg?q=70&crop=false', 'https://rukminim2.flixcart.com/image/416/416/xif0q/tablet/r/c/2/-original-imagj72twwjurfjg.jpeg?q=70&crop=false', 'https://rukminim2.flixcart.com/image/416/416/xif0q/tablet/e/m/u/-original-imagj72tw9ygbpuf.jpeg?q=70&crop=false', 'https://rukminim2.flixcart.com/image/416/416/xif0q/tablet/i/9/j/-original-imagj72tr6j2v2qh.jpeg?q=70&crop=false', 'https://rukminim2.flixcart.com/image/416/416/xif0q/tablet/r/f/a/-original-imagj72tvhvgtmud.jpeg?q=70&crop=false']",MQ6K3HN/A,iPad (10th Gen),"Entertainment, For Kids, Reading and Browsing",Blue,Wi-Fi+5G,iPadOS,16,,No,Full HD,,,,"5G, 4G LTE, UMTS, GSM",,A14 Bionic Chip (64-bit Architecture) with Neural Engine,,,27.69 cm (10.9 inch),"iPad, USB Type C Charge Cable (1 metre), 20 W USB Type C Power Adapter",2360 x 1640 Pixel,12 megapixels,64 GB,,Nano SIM,Yes,,"Touch ID, Three‐axis gyro, Accelerometer, Barometer, Ambient light sensor",Single Sim,64 GB,,,,Lithium Polymer,,,Yes,,Yes,12 Megapixels,"4K, 1080P, 720P pixels",,Yes,Yes,Yes,Retina Flash,Yes,"Rear Camera: 12MP Wide camera, ƒ/1.8 aperture, Digital zoom up to 5x, Five-element lens, Autofocus with Focus Pixels, Panorama (up to 63MP) ,Smart HDR 3, Photo geotagging, Auto image stabilisation, Burst mode, mage formats captured: HEIF and JPEG. Front Camera: Landscape 12MP Ultra Wide camera, 122° field of view, ƒ/2.4 aperture, Smart HDR 3, 1080p HD video recording at 25 fps, 30 fps or 60 fps, Time-lapse video with stabilisation, Extended dynamic range for video up to 30 fps, Cinematic video stabilisation (1080p and 720p), Lens correction, Retina Flash, Auto image stabilisation, Burst mode",,Yes,,Yes,v5.2,"Yes, USB Type C",,,802.11ax (Wi-Fi 6),,,264 PPI,,Liquid Retina Display,Yes,Yes,,,Yes,"GPS, GNSS",Maps,,,,,1 Year,1 Year Limited Hardware Warranty,1 Year,1 Year,"Landscape Stereo Speakers, Dual Microphones for Calls, Video Recording and Audio Recording, Video Calling (FaceTime Video): iPad to Any FaceTime Enabled Device over Wi-Fi or Cellular, Audio Calling (FaceTime Audio): iPad to Any FaceTime Enabled Device over Wi-Fi or Cellular, Digital Compass, iBeacon Micro Location, Accessibility Features: VoiceOver, Magnifier, Closed Captions, Voice Control, Siri and Dictation, AssistiveTouch, Zoom, Switch Control, Speak Screen",Upto 9 hrs,5x,Safari,"Bluetooth Support, 2.4 GHz and 5 GHz Dual Band Wireless Connectivity, HT80 with MIMO","LED backlit Multi-Touch display with IPS technology, True Tone display, 500 nits brightness, Fingerprint-resistant oleophobic coating","Video Formats Supported Include HEVC and H.264, Supports Dolby Vision and HDR10 content","Supported formats include AAC, MP3, Apple Lossless, FLAC, Dolby Digital, Dolby Digital Plus and Dolby Atmos, User-conﬁgurable maximum volume limit",Carry In,Manufacturing Defects,Physical Damage,,,
3,Tables,https://www.flipkart.com/apple-ipad-air-5th-gen-64-gb-rom-10-9-inch-wi-fi-only-purple/p/itmc456c75d5014a?pid=TABGCA2KHDAUQYRP&lid=LSTTABGCA2KHDAUQYRPMOCIY2&marketplace=FLIPKART&store=tyy%2Fhry&srno=b_1_17&otracker=nmenu_sub_Electronics_0_Apple%20iPads&fm=organic&iid=a3d4c27a-9046-4e2c-9367-24b5d71f0a5c.TABGCA2KHDAUQYRP.SEARCH&ppt=None&ppn=None&ssid=m5w7fw4sm80000001739455211354,Apple iPad Air (5th gen) 64 GB ROM 10.9 Inch with Wi-Fi Only (Purple),"₹54,900",,,"['https://rukminim2.flixcart.com/image/416/416/l0jwbrk0/tablet/h/i/3/-original-imagcbjrkffdzqrz.jpeg?q=70&crop=false', 'https://rukminim2.flixcart.com/image/416/416/l0jwbrk0/tablet/h/i/3/-original-imagcbjrkffdzqrz.jpeg?q=70&crop=false', 'https://rukminim2.flixcart.com/image/416/416/l0jwbrk0/tablet/8/d/p/-original-imagcbjr4ymvxshv.jpeg?q=70&crop=false', 'https://rukminim2.flixcart.com/image/416/416/l0jwbrk0/tablet/r/y/d/-original-imagcbjrahhqffez.jpeg?q=70&crop=false', 'https://rukminim2.flixcart.com/image/416/416/l0jwbrk0/tablet/o/k/8/-original-imagcbja829qvhd9.jpeg?q=70&crop=false', 'https://rukminim2.flixcart.com/image/416/416/l0jwbrk0/tablet/c/y/3/-original-imagcbjabugv8vyk.jpeg?q=70&crop=false', 'https://rukminim2.flixcart.com/image/416/416/l0jwbrk0/tablet/7/k/i/-original-imagcbjakfxbrnyx.jpeg?q=70&crop=false', 'https://rukminim2.flixcart.com/image/416/416/l0jwbrk0/tablet/e/w/y/-original-imagcbjam6j34cwb.jpeg?q=70&crop=false', 'https://rukminim2.flixcart.com/image/416/416/l0jwbrk0/tablet/5/x/t/-original-imagcbja72hjtnjv.jpeg?q=70&crop=false', 'https://rukminim2.flixcart.com/image/416/416/l0jwbrk0/tablet/q/p/q/-original-imagcbjrmfyzhhhk.jpeg?q=70&crop=false']",MME23HN/A,iPad Air (5th gen),"Business, Reading and Browsing",Purple,Wi-Fi Only,iPadOS,15,,No,,Yes,Yes,,,,Apple M1 Chip,,,27.69 cm (10.9 Inch),"iPad�Air, USB-C Charging Cable (1 metre) , 20W USB-C Power Adapter",2360x1640 Pixels pixels,12.0 megapixels,64 GB,,NA,Yes,,"Touch ID Sensor, Three-axis Gyro Sensor, Accelerometer, Barometer, Ambient Light Sensor",No Sim,,,,,Lithium Polymer,,,Yes,,Yes,12 Megapixels,"4K (at 24 fps, 25 fps, 30 fps or 60 fps), 1080p (at 25 fps, 30 fps or 60 fps), 720p (at 30 fps), Slow-motion Video Support for 1080p (at 120 fps or 240 fps) pixels",,Yes,Yes,Yes,Yes,,"Rear Camera: 12 MP Wide Rear Camera Setup, f/1.8 Aperture, Five-element Lens, Hybrid IR Flter, Backside Illumination Sensor, Live Photos with Stabilisation, Autofocus with Focus Pixels, Tap to Focus with Focus Pixels, Wide Colour Capture for Photos and Live Photos, Panorama (Upto 63MP), Exposure Control, Noise Reduction, Smart HDR for Photos, Auto Image Stabilisation, Burst Mode, Timer Mode, Photo Geotagging, Image Formats Captured: HEIF and JPEG, Video Recording: 4K Video Recording at 24 fps, 30 fps or 60 fps, 1080p HD Video Recording at 30 fps or 60 fps, Slow-motion Video Support for 1080p at 120 fps or 240 fps, Time-lapse video with Stabilisation, Cinematic Video Stabilisation (1080p and 720p), Continuous Autofocus Video, Noise Reduction, Video Geotagging, Front Camera: 7MP Selfie Camera, f/2.0 Aperture, 1080p HD Video Recording at 60 fps, Wide Colour Capture for Photos and Live Photos, Smart HDR, Retina Flash, Backside Illumination Sensor, Auto Image Stabilisation, Burst Mode",,,,,v5.0,"Yes, USB Type C",,,802.11ax Wi-Fi 6,,,264 PPI,,Liquid Retina Display with IPS technology,Yes,Yes,Yes,,,,Maps,,,,,1 Year,1 Year warranty,1 Year,1 Year,,Upto 9 hrs,5x,Safari,"Bluetooth Support, Video Calling through FaceTime Application","Liquid Retina display, LED-backlit Multi-Touch Display with IPS Technology, Wide Color Display (P3), True Tone Display, Fully Laminated Display, Antireflective Coating, Fingerprint-resistant Oleophobic Coating, 1.8% Reflectivity, 500 nits Brightness, Supports Apple Pencil (2nd generation)","HEVC, H.264","AAC, MP3, Apple�Lossless, FLAC, Dolby�Digital, Dolby�Digital�Plus and Dolby�Atmos",,Manufacturing Defects,Physical Damage,"DOC, DOCX, Keynote, PDF, PPT, PPTX, TXT, XLS, XLSX",,
3,Tables,https://www.flipkart.com/apple-2022-ipad-pro-4th-gen-256-gb-rom-11-0-inch-wi-fi-5g-silver/p/itm12927a2b88d55?pid=TABGJ6XUVFFEB3KH&lid=LSTTABGJ6XUVFFEB3KHZ1ZDYR&marketplace=FLIPKART&store=tyy%2Fhry&spotlightTagId=TrendingId_tyy%2Fhry&srno=b_1_18&otracker=nmenu_sub_Electronics_0_Apple%20iPads&fm=organic&iid=a3d4c27a-9046-4e2c-9367-24b5d71f0a5c.TABGJ6XUVFFEB3KH.SEARCH&ppt=None&ppn=None&ssid=m5w7fw4sm80000001739455211354,Apple 2022 iPad Pro (4th Gen) 256 GB ROM 11.0 inch with Wi-Fi+5G (Silver),"₹1,00,399","₹1,04,900",,"['https://rukminim2.flixcart.com/image/416/416/xif0q/tablet/a/m/e/-original-imagj72vegwqvkxk.jpeg?q=70&crop=false', 'https://rukminim2.flixcart.com/image/416/416/xif0q/tablet/a/n/d/-original-imagj72vray8ahzp.jpeg?q=70&crop=false', 'https://rukminim2.flixcart.com/image/416/416/xif0q/tablet/k/p/6/-original-imagj72vagf3zbru.jpeg?q=70&crop=false', 'https://rukminim2.flixcart.com/image/416/416/xif0q/tablet/d/e/1/-original-imagj72vmyrnahxc.jpeg?q=70&crop=false', 'https://rukminim2.flixcart.com/image/416/416/xif0q/tablet/a/m/i/-original-imagj72vytkf3rzh.jpeg?q=70&crop=false', 'https://rukminim2.flixcart.com/image/416/416/xif0q/tablet/e/7/w/-original-imagj72vamggjn34.jpeg?q=70&crop=false', 'https://rukminim2.flixcart.com/image/416/416/xif0q/tablet/y/o/i/-original-imagj72vuz69hktq.jpeg?q=70&crop=false', 'https://rukminim2.flixcart.com/image/416/416/xif0q/tablet/k/3/l/-original-imagj72v6ypmqxxc.jpeg?q=70&crop=false', 'https://rukminim2.flixcart.com/image/416/416/xif0q/tablet/d/x/k/-original-imagj72vcthr6fvc.jpeg?q=70&crop=false']",MNYF3HN/A,2022 iPad Pro (4th Gen),"Entertainment, High Processing Tasks",Silver,Wi-Fi+5G,iPadOS,16,,No,Full HD,,,,"5G, 4G LTE, UMTS, GSM",,Apple M2 chip,,,27.94 cm (11.0 inch),"iPad, USB Type C Charge Cable (1 metre), 20 W USB Type C Power Adapter",2388 x 1668 Pixel,12 megapixels,256 GB,,Nano SIM,Yes,,"Face ID, LiDAR Scanner, Three-axis gyro, Accelerometer, Barometer, Ambient light sensor",Single Sim,256 GB,,,,Lithium Polymer,,,Yes,,Yes,12 Megapixels,"4K, 1080P, 720P pixels",,Yes,Yes,Yes,Retina Flash,Yes,"Pro camera system: Wide and Ultra Wide cameras, Wide: 12MP, ƒ/1.8 aperture, Ultra Wide: 10MP, ƒ/2.4 aperture and 125° field of view, 2x optical zoom out, Digital zoom up to 5x, Five‑element lens (Wide and Ultra Wide), Brighter True Tone flash, Panorama (up to 63MP), Sapphire crystal lens cover, Autofocus with Focus Pixels (Wide), Smart HDR 4, Wide colour capture for photos and Live Photos, Lens correction (Ultra Wide), Advanced red-eye correction, Photo geotagging, Auto image stabilisation, Burst mode.",,Yes,,Yes,v5.3,"Yes, USB Type C",,,Wi‑Fi 6E (802.11ax) with 2x2 MIMO,,,264 PPI,,Liquid Retina display,Yes,Yes,,,Yes,"GPS, GNSS",Maps,,,,,1 Year,1 Year Limited Hardware Warranty,1 Year,1 Year,"Four speaker audio, Five studio-quality microphones for calls, video recording and audio recording, Video Calling (FaceTime Video): iPad to Any FaceTime Enabled Device over Wi-Fi or Cellular, Audio Calling (FaceTime Audio): iPad to Any FaceTime Enabled Device over Wi-Fi or Cellular, Digital Compass, iBeacon Micro Location, Accessibility Features: VoiceOver, Magnifier, Closed Captions, Voice Control, Siri and Dictation, AssistiveTouch, Zoom, Switch Control, Speak Screen",Upto 9 hrs,5x,Safari,"Bluetooth Support, 2.4 GHz and 5 GHz Dual Band Wireless Connectivity, HT80 with MIMO","LED-backlit Multi‑Touch display with IPS technology, ProMotion technology, Wide colour display (P3), True Tone display, Fingerprint-resistant oleophobic coating, Fully laminated display, Anti-reflective coating, 1.8% reflectivity, SDR brightness: 600 nits max, Supports Apple Pencil (2nd generation), Apple Pencil hover","Video Formats Supported Include HEVC, H.264 and ProRes, HDR with Dolby Vision, HDR10 and HLG","Supported formats include AAC, MP3, Apple Lossless, FLAC, Dolby Digital, Dolby Digital Plus and Dolby Atmos, Spatial audio playback",Carry In,Manufacturing Defects,Physical Damage,,,
3,Tables,https://www.flipkart.com/apple-2024-ipad-air-m2-256-gb-rom-11-0-inch-wi-fi-5g-starlight/p/itm2a7c92930675c?pid=TABHYZDZXZDZCMNK&lid=LSTTABHYZDZXZDZCMNKA3EFUC&marketplace=FLIPKART&store=tyy%2Fhry&srno=b_1_19&otracker=nmenu_sub_Electronics_0_Apple%20iPads&fm=organic&iid=a3d4c27a-9046-4e2c-9367-24b5d71f0a5c.TABHYZDZXZDZCMNK.SEARCH&ppt=None&ppn=None&ssid=m5w7fw4sm80000001739455211354,Apple 2024 iPad Air (M2) 256 GB ROM 11.0 Inch with Wi-Fi+5G (Starlight),"₹84,099","₹84,900",,"['https://rukminim2.flixcart.com/image/416/416/xif0q/tablet/g/2/v/-original-imahyp6jsqabfqyh.jpeg?q=70&crop=false', 'https://rukminim2.flixcart.com/image/416/416/xif0q/tablet/r/p/s/-original-imahyp6j5hq2d77e.jpeg?q=70&crop=false', 'https://rukminim2.flixcart.com/image/416/416/xif0q/tablet/s/h/j/-original-imahyp6jwzxgyrme.jpeg?q=70&crop=false', 'https://rukminim2.flixcart.com/image/416/416/xif0q/tablet/w/h/z/-original-imahyp6gnhnbfggf.jpeg?q=70&crop=false', 'https://rukminim2.flixcart.com/image/416/416/xif0q/tablet/0/h/v/-original-imahyp6ggu5rmpmq.jpeg?q=70&crop=false', 'https://rukminim2.flixcart.com/image/416/416/xif0q/tablet/z/t/q/-original-imahyp6g9fernhtz.jpeg?q=70&crop=false', 'https://rukminim2.flixcart.com/image/416/416/xif0q/tablet/j/b/a/-original-imahyp6gkcyaysdg.jpeg?q=70&crop=false', 'https://rukminim2.flixcart.com/image/416/416/xif0q/tablet/b/4/p/-original-imahyp6gqwb8zcrh.jpeg?q=70&crop=false', 'https://rukminim2.flixcart.com/image/416/416/xif0q/tablet/i/l/2/-original-imahyp6j4nmq6wpa.jpeg?q=70&crop=false']",MUXK3HN/A,2024 iPad Air (M2),,Starlight,Wi-Fi+5G,iOS,17,,No,,,,,"5G, 4G LTE, UMTS, GSM",,Apple M2 Chip,,,27.94 cm (11.0 Inch),"iPad Air, USB-C Charge Cable, 20W USB-C Power Adapter",2360 x 1640 Pixel,12 megapixels,256 GB,,,Yes,,"Touch ID, Three-axis Gyro, Accelerometer, Barometer, Ambient Light Sensor",No Sim,,,,,Lithium Polymer,,,Yes,,Yes,12 Megapixels,"4K video recording at 24 fps, 25 fps, 30 fps or 60 fps pixels",,Yes,,Yes,Retina Flash,,"12MP Wide camera, ƒ/1.8 aperture, Digital zoom up to 5x, Five-element lens, Autofocus with Focus Pixels, Panorama (up to 63MP), Smart HDR 4, Wide colour capture for photos and Live Photos, Photo geotagging, Auto image stabilisation, Burst mode, Image formats captured: HEIF and JPEG",,Yes,,,v5.3,"Yes, USB Type C",,,Wi-Fi 6E (802.11ax) with 2x2 MIMO,,,264 PPI,,Liquid Retina display,Yes,,,,,"GPS, GNSS",,,,,,1 Year,Apple One (1) Year Limited Warranty,1 Year,1 Year,,,5x,,Bluetooth Support,,Video formats captured: HEVC and H.264,"Supported formats include AAC, MP3, Apple Lossless, FLAC, Dolby Digital, Dolby Digital Plus and Dolby Atmos",Carry In,Manufacturing Defects,Physical Damage,,,
3,Tables,https://www.flipkart.com/apple-ipad-9th-gen-256-gb-rom-10-2-inch-wi-fi-only-silver/p/itmd7d2c4840fa04?pid=TABG6VNCXQAMUV4F&lid=LSTTABG6VNCXQAMUV4FR41VVA&marketplace=FLIPKART&store=tyy%2Fhry&srno=b_1_20&otracker=nmenu_sub_Electronics_0_Apple%20iPads&fm=organic&iid=a3d4c27a-9046-4e2c-9367-24b5d71f0a5c.TABG6VNCXQAMUV4F.SEARCH&ppt=None&ppn=None&ssid=m5w7fw4sm80000001739455211354,Apple iPad (9th Gen) 256 GB ROM 10.2 inch with Wi-Fi Only (Silver),"₹46,949","₹47,900",,"['https://rukminim2.flixcart.com/image/416/416/ktop5e80/tablet/6/o/s/mk2p3hn-a-apple-original-imag6yy8deumbvxz.jpeg?q=70&crop=false', 'https://rukminim2.flixcart.com/image/416/416/ktop5e80/tablet/v/r/t/mk473hn-a-apple-original-imag6yy7j2hnktfz.jpeg?q=70&crop=false', 'https://rukminim2.flixcart.com/image/416/416/ktop5e80/tablet/u/v/t/mk2p3hn-a-apple-original-imag6yy8aezdwncr.jpeg?q=70&crop=false', 'https://rukminim2.flixcart.com/image/416/416/ktop5e80/tablet/0/a/k/mk2p3hn-a-apple-original-imag6yy8wuya9qtr.jpeg?q=70&crop=false', 'https://rukminim2.flixcart.com/image/416/416/ktop5e80/tablet/z/p/p/mk473hn-a-apple-original-imag6yy7rsevhdah.jpeg?q=70&crop=false', 'https://rukminim2.flixcart.com/image/416/416/ktop5e80/tablet/y/e/5/mk473hn-a-apple-original-imag6yy7kxnd5ewn.jpeg?q=70&crop=false', 'https://rukminim2.flixcart.com/image/416/416/ktop5e80/tablet/1/d/x/mk2k3hn-a-apple-original-imag6yy79ymgfxt7.jpeg?q=70&crop=false', 'https://rukminim2.flixcart.com/image/416/416/ktop5e80/tablet/g/l/f/mk2k3hn-a-apple-original-imag6yy7qqgc5vv4.jpeg?q=70&crop=false', 'https://rukminim2.flixcart.com/image/416/416/ktop5e80/tablet/b/a/l/mk2p3hn-a-apple-original-imag6yy8rtruck3g.jpeg?q=70&crop=false', 'https://rukminim2.flixcart.com/image/416/416/ktop5e80/tablet/o/v/4/mk2p3hn-a-apple-original-imag6yy8ydzyddeq.jpeg?q=70&crop=false']",MK2P3HN/A,iPad (9th Gen),"Entertainment, For Kids, Reading and Browsing",Silver,Wi-Fi Only,iOS,15,,No,,Yes,,,,,A13 Bionic Chip with 64-bit Architecture,,,25.91 cm (10.2 inch),"iPad, Lightning to USB-C Cable, 20W USB-C Power Adapter",2160 x 1620 Pixels,8 megapixels,256 GB,,,Yes,,"Touch ID Sensor, Three-axis Gyro Sensor, Accelerometer, Barometer, Ambient Light Sensor",No Sim,,,,,Lithium Polymer,,,Yes,,Yes,12 Megapixels,"Rear Camera: 1080p (at 25 fps and 30 fps), 720p (at 30 fps), Slow-motion (at 720p at 120 fps), Front Camera: 1080p (at 25 fps, 30 fps or 60 fps) pixels",,Yes,Yes,Yes,,,"Rear Camera: 8MP Wide Camera, f/2.4 Aperture, Five-element Lens, Panorama (up to 43MP), HDR for Photos, Photo Geotagging, Auto Image Stabilisation, Burst Mode, 3x Video Zoom, Time-lapse Video with Stabilisation, Video Image Stabilisation, Cinematic Video Stabilisation (1080p and 720p), Continuous Autofocus Video, Playback Zoom, Video Formats Recorded: HEVC and H.264, FaceTime HD Camera: 12MP Ultra Wide Camera, 122 Degree Field of View, f/2.4 Aperture, HDR for Photos, Time-lapse Video with Stabilisation, Extended Dynamic Range for Video up to 30 fps, Cinematic Video Stabilisation (1080p and 720p), Lens Correction, Retina Flash, Auto Image Stabilisation, Burst Mode",,,,,v4.2,,,,802.11 a/b/g/n/ac,,,264 PPI,,,Yes,Yes,Yes,,,,Maps,,,,,1 Year,1 Year Warranty,1 Year,1 Year,"Video Calling: FaceTime Video, Centre Stage, iPad to any FaceTime-enabled Device over Wi-Fi or Mobile Data, Audio Calling: FaceTime Audio, iPad to any FaceTime-enabled Device over Wi-Fi or Mobile Data, Stereo Speakers, Dual Microphones for Calls, Video Recording and Audio Recording, Digital Compass, iBeacon Micro-location",,5x,Safari,Video Calling through FaceTime Application,"Retina Display, LED-backlit Multi-Touch Display with IPS Technology, True Tone Display, Fingerprint-resistant Oleophobic Coating, Supports Apple Pencil (1st Generation)","H.264, MPEG-4, Motion JPEG (M-JPEG)","AAC (8 to 320 Kbps), Protected AAC (from iTunes Store), HE-AAC, MP3 (8 to 320 Kbps), MP3 VBR, Dolby Digital (AC-3), Dolby Digital Plus (E-AC-3), Audible (formats 2, 3, 4, Audible Enhanced Audio, AAX and AAX+), Apple Lossless, AIFF and WAV",,,,"DOC, DOCX, Keynote, PDF, PPT, PPTX, TXT, XLS, XLSX",,
3,Tables,https://www.flipkart.com/apple-ipad-pro-2021-3rd-generation-16-gb-ram-1-tb-rom-11-inches-wi-fi-5g-space-grey/p/itm27df6d4917440?pid=TABG3YZNNSNGY9FG&lid=LSTTABG3YZNNSNGY9FGYBI4EG&marketplace=FLIPKART&store=tyy%2Fhry&srno=b_1_21&otracker=nmenu_sub_Electronics_0_Apple%20iPads&fm=organic&iid=a3d4c27a-9046-4e2c-9367-24b5d71f0a5c.TABG3YZNNSNGY9FG.SEARCH&ppt=None&ppn=None&ssid=m5w7fw4sm80000001739455211354,Apple iPad Pro 2021 (3rd Generation) 16 GB RAM 1 TB ROM 11 inches with Wi-Fi+5G (Space Grey),"₹1,48,900",,,"['https://rukminim2.flixcart.com/image/416/416/kolsscw0/tablet/y/6/n/mhnf3hn-a-apple-original-imag3yrwhentxr4x.jpeg?q=70&crop=false', 'https://rukminim2.flixcart.com/image/416/416/kolsscw0/tablet/y/6/n/mhnf3hn-a-apple-original-imag3yrwhentxr4x.jpeg?q=70&crop=false', 'https://rukminim2.flixcart.com/image/416/416/kolsscw0/tablet/o/b/2/mhnf3hn-a-apple-original-imag3yrwstgrsbjf.jpeg?q=70&crop=false', 'https://rukminim2.flixcart.com/image/416/416/kolsscw0/tablet/x/j/o/mhnf3hn-a-apple-original-imag3yrwvueabqex.jpeg?q=70&crop=false', 'https://rukminim2.flixcart.com/image/416/416/kolsscw0/tablet/5/t/y/mhnf3hn-a-apple-original-imag3yrwwsmajyhd.jpeg?q=70&crop=false', 'https://rukminim2.flixcart.com/image/416/416/kolsscw0/tablet/y/e/i/mhnf3hn-a-apple-original-imag3yrwahdhxan4.jpeg?q=70&crop=false', 'https://rukminim2.flixcart.com/image/416/416/kolsscw0/tablet/i/c/5/mhnf3hn-a-apple-original-imag3yrwbt7xum2x.jpeg?q=70&crop=false', 'https://rukminim2.flixcart.com/image/416/416/kod858w0/tablet/n/3/m/mhqr3hn-a-apple-original-imag2ujnf7gqc3rh.jpeg?q=70&crop=false', 'https://rukminim2.flixcart.com/image/416/416/kolsscw0/tablet/x/v/o/mhnf3hn-a-apple-original-imag3yrwr3b35xjy.jpeg?q=70&crop=false', 'https://rukminim2.flixcart.com/image/416/416/kod858w0/tablet/q/m/d/mhqr3hn-a-apple-original-imag2ujnwu2dgajg.jpeg?q=70&crop=false', 'https://rukminim2.flixcart.com/image/416/416/kod858w0/tablet/w/e/w/mhqr3hn-a-apple-original-imag2ujnbjj2hkg3.jpeg?q=70&crop=false']",MHWC3HN/A,iPad Pro 2021 (3rd Generation),"Entertainment, High Processing Tasks",Space Grey,Wi-Fi+5G,iPadOS,14,16 GB,No,Quad HD,,Yes,,"5G, 4G LTE, UMTS, GSM",LTE,Apple M1 Chip,,,27.94 cm (11 inches),"iPad Pro, USB-C Charge Cable (1 metre), 20W USB-C Power Adapter",2388 x 1668 Pixels,12.0 megapixels,1 TB,,Nano SIM,Yes,,"Face ID Sensor, LiDAR Scanner Sensor, Three-Axis Gyro Sensor, Accelerometer Sensor, Barometer Sensor, Ambient Light Sensor",Single Sim,1 TB,,,,Lithium Polymer,,,Yes,,Yes,12 Megapixels,,,Yes,Yes,Yes,Rear Camera - Brighter True Tone flash | Front Camera - Retina Flash,Yes,"Pro Camera System: Wide and Ultra Wide cameras, Wide: 12MP, f/1.8 Aperture, Ultra Wide: 10MP, f/2.4 Aperture and 125 degree Field of view, 2x Optical Zoom out, Digital Zoom up to 5x, Five-Element Lens (Wide and Ultra Wide), Brighter True Tone flash, Panorama (up to 63MP), Sapphire Crystal Lens Cover, Autofocus with Focus Pixels (Wide), Smart HDR 3, Wide Colour Capture for Photos and Live Photos, Lens Correction (Ultra Wide), Advanced Red-Eye Correction, Photo Geotagging, Auto Image Stabilisation, Burst mode, Image Formats Captured: HEIF and JPEG, 12MP Ultra Wide camera, 122 degree field of view, f/2.4 aperture, Portrait mode with advanced bokeh and Depth Control, Portrait Lighting with six effects (Natural, Studio, Contour, Stage, Stage Mono, High-Key Mono), Animoji and Memoji, Smart HDR 3, 1080p HD video recording at 25 fps, 30 fps or 60 fps, Time-lapse video with stabilisation, Extended dynamic range for video up to 30 fps, Cinematic video stabilisation (1080p and 720p), Wide colour capture for photos and Live Photos, Lens correction, Retina Flash, Auto image stabilisation, Burst mode",,Yes,Yes,Yes,v5.0,Type C USB,,,"5G NR (Bands n1, n2, n3, n5, n7, n8, n12, n20, n25, n28, n38, n40, n41, n66, n71, n77, n78, n79)4, 5G NR mmWave (Bands n260, n261), FDD-LTE (Bands 1, 2, 3, 4, 5, 7, 8, 11, 12, 13, 14, 17, 18, 19, 20, 21, 25, 26, 28, 29, 30, 32, 66, 71), TD-LTE (Bands 34, 38, 39, 40, 41, 42, 46, 48), UMTS/HSPA/HSPA+/DC-HSDPA (850, 900, 1700/2100, 1900, 2100 MHz), GSM/EDGE (850, 900, 1800, 1900 MHz), Data only, Wi-Fi calling, eSIM",,Multi-Touch,264 PPI,,Liquid Retina Display,Yes,Yes,Yes,,Yes,,Maps,,,,,1 Year,1 Year Warranty,,1 Year,"FaceTime Video, Centre Stage, iPad to any FaceTime-Enabled Device over Wi-Fi or Cellular, FaceTime Audio, Four Speaker Audio, Five Studio-Quality Microphones for calls, Video Recording and Audio Recording, Enabled by TrueDepth Camera for Facial Recognition, Unlock iPad, Secure Personal Data within Apps, Make purchases from the iTunes Store and the App Store, Use your voice to Send Messages, Set Reminders and more, Get Proactive Suggestions, Use Hands-Free, Listen to and identify Songs, Built-in 40.88-Watt-Hour Rechargeable Battery, VoiceOver, Magnifier, Closed Captions, Voice Control, Siri and Dictation, AssistiveTouch, Zoom, Switch Control, Speak Screen, Apple Pencil, Magic Keyboard, Next Level Performance, Built-in GPS/GNSS, Cellular",,Yes,,HT80 with MIMO,"LED Backlit Multi-touch IPS Display, Promotion Technology, Wide Color Display, True Tone Display, Fully Laminated Display, Antireflective Coating, Fingerprint-resistant Oleophobic Coating","HEVC, H.264, MPEG-4 Part 2, Motion JPEG, HDR with Dolby Vision, HDR10 and HLG","AAC-LC, HE-AAC, HE-AAC v2, Protected AAC, MP3, Linear PCM, Apple Lossless, FLAC, Dolby Digital (AC-3), Dolby Digital Plus (E-AC-3), Dolby Atmos and Audible (formats 2, 3, 4, Audible Enhanced Audio, AAX and AAX+), Spatial Audio Playback, User-Con?gurable Maximum Volume Limit",NA,,,"App Store, Books, Calendar, Camera, Clock, Contacts, FaceTime, Files, Find My, Home, iTunes Store, Mail, Maps, Measure, Messages, Music, Notes, Photo Booth, Photos, Podcasts, Reminders, Safari, Settings, Shortcuts, Siri, Stocks, Tips, TV, Voice Memos, Pages, Numbers, Keynote, iMovie, GarageBand, Music Memos, Clips, Swift Playgrounds, Support",Up to 9 hours of Surfing the Web using a Cellular Data Network,Yes
3,Tables,https://www.flipkart.com/apple-ipad-9th-gen-256-gb-rom-10-2-inch-wi-fi-only-space-grey/p/itmd7d2c4840fa04?pid=TABG6VNC2EH87NFH&lid=LSTTABG6VNC2EH87NFHUWOHGD&marketplace=FLIPKART&store=tyy%2Fhry&srno=b_1_22&otracker=nmenu_sub_Electronics_0_Apple%20iPads&fm=organic&iid=a3d4c27a-9046-4e2c-9367-24b5d71f0a5c.TABG6VNC2EH87NFH.SEARCH&ppt=None&ppn=None&ssid=m5w7fw4sm80000001739455211354,Apple iPad (9th Gen) 256 GB ROM 10.2 inch with Wi-Fi Only (Space Grey),"₹46,949","₹47,900",,"['https://rukminim2.flixcart.com/image/416/416/ktop5e80/tablet/x/9/o/mk2k3hn-a-apple-original-imag6yy7xjjugz4w.jpeg?q=70&crop=false', 'https://rukminim2.flixcart.com/image/416/416/ktop5e80/tablet/v/r/t/mk473hn-a-apple-original-imag6yy7j2hnktfz.jpeg?q=70&crop=false', 'https://rukminim2.flixcart.com/image/416/416/ktop5e80/tablet/s/l/b/mk2k3hn-a-apple-original-imag6yy7wn9are6s.jpeg?q=70&crop=false', 'https://rukminim2.flixcart.com/image/416/416/ktop5e80/tablet/k/k/k/mk2k3hn-a-apple-original-imag6yy7yxawz4gy.jpeg?q=70&crop=false', 'https://rukminim2.flixcart.com/image/416/416/ktop5e80/tablet/z/p/p/mk473hn-a-apple-original-imag6yy7rsevhdah.jpeg?q=70&crop=false', 'https://rukminim2.flixcart.com/image/416/416/ktop5e80/tablet/y/e/5/mk473hn-a-apple-original-imag6yy7kxnd5ewn.jpeg?q=70&crop=false', 'https://rukminim2.flixcart.com/image/416/416/ktop5e80/tablet/1/d/x/mk2k3hn-a-apple-original-imag6yy79ymgfxt7.jpeg?q=70&crop=false', 'https://rukminim2.flixcart.com/image/416/416/ktop5e80/tablet/g/l/f/mk2k3hn-a-apple-original-imag6yy7qqgc5vv4.jpeg?q=70&crop=false', 'https://rukminim2.flixcart.com/image/416/416/ktop5e80/tablet/2/t/c/mk2k3hn-a-apple-original-imag6yy7gmq2zyum.jpeg?q=70&crop=false', 'https://rukminim2.flixcart.com/image/416/416/ktop5e80/tablet/u/p/n/mk2k3hn-a-apple-original-imag6yy7bx9wjefd.jpeg?q=70&crop=false']",MK2N3HN/A,iPad (9th Gen),"Entertainment, For Kids, Reading and Browsing",Space Grey,Wi-Fi Only,iOS,15,,No,,Yes,,,,,A13 Bionic Chip with 64-bit Architecture,,,25.91 cm (10.2 inch),"iPad, Lightning to USB-C Cable, 20W USB-C Power Adapter",2160 x 1620 Pixels,8 megapixels,256 GB,,,Yes,,"Touch ID Sensor, Three-axis Gyro Sensor, Accelerometer, Barometer, Ambient Light Sensor",No Sim,,,,,Lithium Polymer,,,Yes,,Yes,12 Megapixels,"Rear Camera: 1080p (at 25 fps and 30 fps), 720p (at 30 fps), Slow-motion (at 720p at 120 fps), Front Camera: 1080p (at 25 fps, 30 fps or 60 fps) pixels",,Yes,Yes,Yes,,,"Rear Camera: 8MP Wide Camera, f/2.4 Aperture, Five-element Lens, Panorama (up to 43MP), HDR for Photos, Photo Geotagging, Auto Image Stabilisation, Burst Mode, 3x Video Zoom, Time-lapse Video with Stabilisation, Video Image Stabilisation, Cinematic Video Stabilisation (1080p and 720p), Continuous Autofocus Video, Playback Zoom, Video Formats Recorded: HEVC and H.264, FaceTime HD Camera: 12MP Ultra Wide Camera, 122 Degree Field of View, f/2.4 Aperture, HDR for Photos, Time-lapse Video with Stabilisation, Extended Dynamic Range for Video up to 30 fps, Cinematic Video Stabilisation (1080p and 720p), Lens Correction, Retina Flash, Auto Image Stabilisation, Burst Mode",,,,,v4.2,,,,802.11 a/b/g/n/ac,,,264 PPI,,,Yes,Yes,Yes,,,,Maps,,,,,1 Year,1 Year Warranty,1 Year,1 Year,"Video Calling: FaceTime Video, Centre Stage, iPad to any FaceTime-enabled Device over Wi-Fi or Mobile Data, Audio Calling: FaceTime Audio, iPad to any FaceTime-enabled Device over Wi-Fi or Mobile Data, Stereo Speakers, Dual Microphones for Calls, Video Recording and Audio Recording, Digital Compass, iBeacon Micro-location",,5x,Safari,Video Calling through FaceTime Application,"Retina Display, LED-backlit Multi-Touch Display with IPS Technology, True Tone Display, Fingerprint-resistant Oleophobic Coating, Supports Apple Pencil (1st Generation)","H.264, MPEG-4, Motion JPEG (M-JPEG)","AAC (8 to 320 Kbps), Protected AAC (from iTunes Store), HE-AAC, MP3 (8 to 320 Kbps), MP3 VBR, Dolby Digital (AC-3), Dolby Digital Plus (E-AC-3), Audible (formats 2, 3, 4, Audible Enhanced Audio, AAX and AAX+), Apple Lossless, AIFF and WAV",please call the Apple Customer Support -918040455150,,,"DOC, DOCX, Keynote, PDF, PPT, PPTX, TXT, XLS, XLSX",,
3,Tables,https://www.flipkart.com/apple-2024-ipad-air-m2-128-gb-rom-13-0-inch-wi-fi-only-starlight/p/itm2a7c92930675c?pid=TABHYZDZSSDHDHQF&lid=LSTTABHYZDZSSDHDHQFY7RTMP&marketplace=FLIPKART&store=tyy%2Fhry&srno=b_1_23&otracker=nmenu_sub_Electronics_0_Apple%20iPads&fm=organic&iid=a3d4c27a-9046-4e2c-9367-24b5d71f0a5c.TABHYZDZSSDHDHQF.SEARCH&ppt=None&ppn=None&ssid=m5w7fw4sm80000001739455211354,Apple 2024 iPad Air (M2) 128 GB ROM 13.0 Inch with Wi-Fi Only (Starlight),"₹79,299","₹79,900",,"['https://rukminim2.flixcart.com/image/416/416/xif0q/tablet/g/2/v/-original-imahyp6jsqabfqyh.jpeg?q=70&crop=false', 'https://rukminim2.flixcart.com/image/416/416/xif0q/tablet/r/p/s/-original-imahyp6j5hq2d77e.jpeg?q=70&crop=false', 'https://rukminim2.flixcart.com/image/416/416/xif0q/tablet/s/h/j/-original-imahyp6jwzxgyrme.jpeg?q=70&crop=false', 'https://rukminim2.flixcart.com/image/416/416/xif0q/tablet/w/h/z/-original-imahyp6gnhnbfggf.jpeg?q=70&crop=false', 'https://rukminim2.flixcart.com/image/416/416/xif0q/tablet/0/h/v/-original-imahyp6ggu5rmpmq.jpeg?q=70&crop=false', 'https://rukminim2.flixcart.com/image/416/416/xif0q/tablet/j/b/a/-original-imahyp6gkcyaysdg.jpeg?q=70&crop=false', 'https://rukminim2.flixcart.com/image/416/416/xif0q/tablet/b/4/p/-original-imahyp6gqwb8zcrh.jpeg?q=70&crop=false', 'https://rukminim2.flixcart.com/image/416/416/xif0q/tablet/i/l/2/-original-imahyp6j4nmq6wpa.jpeg?q=70&crop=false', 'https://rukminim2.flixcart.com/image/416/416/xif0q/tablet/t/i/p/-original-imahyp6jesapxhzd.jpeg?q=70&crop=false']",MV293HN/A,2024 iPad Air (M2),,Starlight,Wi-Fi Only,iOS,17,,No,,,,,,,Apple M2 Chip,,,33.02 cm (13.0 Inch),"iPad Air, USB-C Charge Cable, 20W USB-C Power Adapter",2732 x 2048 Pixel,12 megapixels,128 GB,,,Yes,,"Touch ID, Three-axis Gyro, Accelerometer, Barometer, Ambient Light Sensor",No Sim,,,,,Lithium Polymer,,,Yes,,Yes,12 Megapixels,"4K video recording at 24 fps, 25 fps, 30 fps or 60 fps pixels",,Yes,,Yes,Retina Flash,,"12MP Wide camera, ƒ/1.8 aperture, Digital zoom up to 5x, Five-element lens, Autofocus with Focus Pixels, Panorama (up to 63MP), Smart HDR 4, Wide colour capture for photos and Live Photos, Photo geotagging, Auto image stabilisation, Burst mode, Image formats captured: HEIF and JPEG",,No,,,v5.3,"Yes, USB Type C",,,Wi-Fi 6E (802.11ax) with 2x2 MIMO,,,264 PPI,,Liquid Retina display,Yes,,,,,"GPS, GNSS",,,,,,1 Year,Apple One (1) Year Limited Warranty,1 Year,1 Year,,,5x,,Bluetooth Support,,Video formats captured: HEVC and H.264,"Supported formats include AAC, MP3, Apple Lossless, FLAC, Dolby Digital, Dolby Digital Plus and Dolby Atmos",Carry In,Manufacturing Defects,Physical Damage,,,
3,Tables,https://www.flipkart.com/apple-2024-ipad-air-m2-256-gb-rom-11-0-inch-wi-fi-5g-space-grey/p/itm34f4230179cfd?pid=TABHYZDZT3DCCAV2&lid=LSTTABHYZDZT3DCCAV2IKX3BF&marketplace=FLIPKART&store=tyy%2Fhry&srno=b_1_24&otracker=nmenu_sub_Electronics_0_Apple%20iPads&fm=organic&iid=a3d4c27a-9046-4e2c-9367-24b5d71f0a5c.TABHYZDZT3DCCAV2.SEARCH&ppt=None&ppn=None&ssid=m5w7fw4sm80000001739455211354,Apple 2024 iPad Air (M2) 256 GB ROM 11.0 Inch with Wi-Fi+5G (Space Grey),"₹83,149","₹84,900",,"['https://rukminim2.flixcart.com/image/416/416/xif0q/tablet/w/p/r/-original-imahyp6gugx6vzqn.jpeg?q=70&crop=false', 'https://rukminim2.flixcart.com/image/416/416/xif0q/tablet/a/c/e/-original-imahyp6g6z9yaagu.jpeg?q=70&crop=false', 'https://rukminim2.flixcart.com/image/416/416/xif0q/tablet/e/t/l/-original-imahyp6getdcr5u7.jpeg?q=70&crop=false', 'https://rukminim2.flixcart.com/image/416/416/xif0q/tablet/w/h/z/-original-imahyp6gnhnbfggf.jpeg?q=70&crop=false', 'https://rukminim2.flixcart.com/image/416/416/xif0q/tablet/0/h/v/-original-imahyp6ggu5rmpmq.jpeg?q=70&crop=false', 'https://rukminim2.flixcart.com/image/416/416/xif0q/tablet/z/t/q/-original-imahyp6g9fernhtz.jpeg?q=70&crop=false', 'https://rukminim2.flixcart.com/image/416/416/xif0q/tablet/j/b/a/-original-imahyp6gkcyaysdg.jpeg?q=70&crop=false', 'https://rukminim2.flixcart.com/image/416/416/xif0q/tablet/d/k/z/-original-imahyp6g55h25zzd.jpeg?q=70&crop=false', 'https://rukminim2.flixcart.com/image/416/416/xif0q/tablet/a/a/1/-original-imahyp6gfggwfyg8.jpeg?q=70&crop=false', 'https://rukminim2.flixcart.com/image/416/416/xif0q/tablet/7/k/t/-original-imahyp6gjhydhutc.jpeg?q=70&crop=false']",MUXH3HN/A,2024 iPad Air (M2),,Space Grey,Wi-Fi+5G,iOS,17,,No,,,,,"5G, 4G LTE, UMTS, GSM",,Apple M2 Chip,,,27.94 cm (11.0 Inch),"iPad Air, USB-C Charge Cable, 20W USB-C Power Adapter",2360 x 1640 Pixel,12 megapixels,256 GB,,,Yes,,"Touch ID, Three-axis Gyro, Accelerometer, Barometer, Ambient Light Sensor",No Sim,,,,,Lithium Polymer,,,Yes,,Yes,12 Megapixels,"4K video recording at 24 fps, 25 fps, 30 fps or 60 fps pixels",,Yes,,Yes,Retina Flash,,"12MP Wide camera, ƒ/1.8 aperture, Digital zoom up to 5x, Five-element lens, Autofocus with Focus Pixels, Panorama (up to 63MP), Smart HDR 4, Wide colour capture for photos and Live Photos, Photo geotagging, Auto image stabilisation, Burst mode, Image formats captured: HEIF and JPEG",,Yes,,,v5.3,"Yes, USB Type C",,,Wi-Fi 6E (802.11ax) with 2x2 MIMO,,,264 PPI,,Liquid Retina display,Yes,,,,,"GPS, GNSS",,,,,,1 Year,Apple One (1) Year Limited Warranty,1 Year,1 Year,,,5x,,Bluetooth Support,,Video formats captured: HEVC and H.264,"Supported formats include AAC, MP3, Apple Lossless, FLAC, Dolby Digital, Dolby Digital Plus and Dolby Atmos",Carry In,Manufacturing Defects,Physical Damage,,,
